Év;GDP / fő (WUD);GDP / fő (USD);Éves államháztartási többlet %;Államháztartási tartalék %;Éves GDP növekedés (WUD);Éves GDP növekedés (USD);Waikiki teljes állami tartaléka (WUD);Waikiki teljes állami tartaléka (USD);A királyi család személyes vagyona (WUD);A királyi család személyes vagyona (USD);Állami költségvetés és GDP aránya %;Állami költségvetés (USD);Állami bevételek (USD);Összes vagyon (WUD);Összes vagyon (USD);Népesség (millió);Teljes GDP (WUD);Teljes GDP (USD);Éves háztartási bevételek mediánja (WUD);Éves háztartási bevételek mediánja (USD);Ideglenes munkavállalók aránya %;Foglalkoztatottság mértéke %;Éves fizetés növekedés (WUD);Éves fizetés növekedés (USD);Költségvetési megtakarítás (WUD);Állami vagyonváltozás (WUD);WUD / USD árfolyam
1999;6 752 WUD;6 279 USD;0%;0%;0%;0%;0,00 trilliárd WUD;0,00 trilliárd USD;0,00 trilliárd WUD;0,00 trilliárd USD;38%;29 milliárd USD;29 milliárd USD;0,00 trilliárd WUD;0,00 trilliárd USD;12;81 milliárd WUD;75 milliárd USD;8 495 WUD;7 900 USD;0%;59%;0%;0%;0,00 trilliárd WUD;0,00 trilliárd WUD;0,93
2000;8 702 WUD;8 180 USD;2%;2%;29%;30%;0,03 trilliárd WUD;0,03 trilliárd USD;0,02 trilliárd WUD;0,02 trilliárd USD;31%;30 milliárd USD;32 milliárd USD;0,05 trilliárd WUD;0,05 trilliárd USD;12;104 milliárd WUD;98 milliárd USD;10 957 WUD;10 300 USD;13%;62%;29%;30%;0,00 trilliárd WUD;0,03 trilliárd WUD;0,94
2001;11 684 WUD;11 100 USD;5%;6%;34%;36%;0,15 trilliárd WUD;0,14 trilliárd USD;0,07 trilliárd WUD;0,07 trilliárd USD;26%;38 milliárd USD;45 milliárd USD;0,22 trilliárd WUD;0,21 trilliárd USD;13;152 milliárd WUD;144 milliárd USD;13 263 WUD;12 600 USD;17%;64%;21%;22%;0,01 trilliárd WUD;0,12 trilliárd WUD;0,95
2002;14 161 WUD;14 019 USD;5%;10%;21%;26%;0,29 trilliárd WUD;0,29 trilliárd USD;0,12 trilliárd WUD;0,12 trilliárd USD;29%;53 milliárd USD;62 milliárd USD;0,41 trilliárd WUD;0,41 trilliárd USD;13;184 milliárd WUD;182 milliárd USD;13 636 WUD;13 500 USD;16%;68%;3%;7%;0,01 trilliárd WUD;0,14 trilliárd WUD;0,99
2003;17 801 WUD;17 979 USD;1%;9%;26%;28%;0,33 trilliárd WUD;0,33 trilliárd USD;0,18 trilliárd WUD;0,18 trilliárd USD;31%;78 milliárd USD;81 milliárd USD;0,51 trilliárd WUD;0,51 trilliárd USD;14;249 milliárd WUD;252 milliárd USD;14 752 WUD;14 900 USD;17%;75%;8%;10%;0,00 trilliárd WUD;0,04 trilliárd WUD;1,01
2004;20 727 WUD;22 800 USD;2%;10%;16%;27%;0,41 trilliárd WUD;0,45 trilliárd USD;0,23 trilliárd WUD;0,25 trilliárd USD;30%;109 milliárd USD;117 milliárd USD;0,64 trilliárd WUD;0,71 trilliárd USD;16;332 milliárd WUD;365 milliárd USD;16 273 WUD;17 900 USD;18%;82%;10%;20%;0,01 trilliárd WUD;0,08 trilliárd WUD;1,10
2005;23 619 WUD;28 579 USD;2%;11%;14%;25%;0,51 trilliárd WUD;0,61 trilliárd USD;0,28 trilliárd WUD;0,34 trilliárd USD;20%;86 milliárd USD;94 milliárd USD;0,79 trilliárd WUD;0,95 trilliárd USD;15;354 milliárd WUD;429 milliárd USD;19 091 WUD;23 100 USD;22%;86%;17%;29%;0,01 trilliárd WUD;0,09 trilliárd WUD;1,21
2006;27 645 WUD;34 280 USD;8%;17%;17%;20%;0,95 trilliárd WUD;1,18 trilliárd USD;0,36 trilliárd WUD;0,45 trilliárd USD;18%;1 230 milliárd USD;1 773 milliárd USD;1,31 trilliárd WUD;1,62 trilliárd USD;198;5 474 milliárd WUD;6 787 milliárd USD;20 806 WUD;25 800 USD;19%;83%;9%;12%;0,44 trilliárd WUD;0,44 trilliárd WUD;1,24
2007;32 658 WUD;42 129 USD;10%;25%;18%;23%;1,60 trilliárd WUD;2,07 trilliárd USD;0,52 trilliárd WUD;0,67 trilliárd USD;19%;1 616 milliárd USD;2 454 milliárd USD;2,12 trilliárd WUD;2,74 trilliárd USD;199;6 499 milliárd WUD;8 384 milliárd USD;21 783 WUD;28 100 USD;15%;85%;5%;9%;0,65 trilliárd WUD;0,65 trilliárd WUD;1,29
2008;35 461 WUD;50 709 USD;10%;33%;9%;20%;2,31 trilliárd WUD;3,30 trilliárd USD;0,81 trilliárd WUD;1,16 trilliárd USD;21%;2 151 milliárd USD;3 166 milliárd USD;3,12 trilliárd WUD;4,46 trilliárd USD;200;7 092 milliárd WUD;10 142 milliárd USD;24 895 WUD;35 600 USD;14%;84%;14%;27%;0,71 trilliárd WUD;0,71 trilliárd WUD;1,43
2009;40 520 WUD;59 159 USD;5%;34%;14%;17%;2,72 trilliárd WUD;3,97 trilliárd USD;1,30 trilliárd WUD;1,90 trilliárd USD;18%;2 173 milliárd USD;2 765 milliárd USD;4,02 trilliárd WUD;5,86 trilliárd USD;200;8 104 milliárd WUD;11 832 milliárd USD;26 712 WUD;39 000 USD;13%;84%;7%;10%;0,41 trilliárd WUD;0,41 trilliárd WUD;1,46
2010;44 717 WUD;69 759 USD;5%;35%;10%;18%;3,16 trilliárd WUD;4,93 trilliárd USD;1,48 trilliárd WUD;2,31 trilliárd USD;18%;2 483 milliárd USD;3 184 milliárd USD;4,64 trilliárd WUD;7,24 trilliárd USD;201;8 988 milliárd WUD;14 021 milliárd USD;29 103 WUD;45 400 USD;13%;86%;9%;16%;0,45 trilliárd WUD;0,45 trilliárd WUD;1,56
2011;47 764 WUD;81 199 USD;5%;38%;7%;16%;3,64 trilliárd WUD;6,19 trilliárd USD;2,03 trilliárd WUD;3,45 trilliárd USD;16%;2 673 milliárd USD;3 498 milliárd USD;5,67 trilliárd WUD;9,64 trilliárd USD;203;9 696 milliárd WUD;16 483 milliárd USD;33 118 WUD;56 300 USD;14%;91%;14%;24%;0,48 trilliárd WUD;0,48 trilliárd WUD;1,70
2012;51 424 WUD;92 049 USD;5%;40%;8%;13%;4,16 trilliárd WUD;7,44 trilliárd USD;2,51 trilliárd WUD;4,49 trilliárd USD;17%;3 176 milliárd USD;4 115 milliárd USD;6,67 trilliárd WUD;11,93 trilliárd USD;204;10 490 milliárd WUD;18 778 milliárd USD;35 587 WUD;63 700 USD;12%;93%;7%;13%;0,52 trilliárd WUD;0,51 trilliárd WUD;1,79
2013;55 526 WUD;105 499 USD;8%;44%;8%;15%;5,04 trilliárd WUD;9,58 trilliárd USD;3,18 trilliárd WUD;6,04 trilliárd USD;18%;3 936 milliárd USD;5 674 milliárd USD;8,22 trilliárd WUD;15,62 trilliárd USD;206;11 438 milliárd WUD;21 733 milliárd USD;36 263 WUD;68 900 USD;10%;94%;2%;8%;0,92 trilliárd WUD;0,89 trilliárd WUD;1,90
2014;60 153 WUD;117 298 USD;6%;47%;8%;11%;5,77 trilliárd WUD;11,24 trilliárd USD;4,03 trilliárd WUD;7,86 trilliárd USD;15%;3 744 milliárd USD;5 194 milliárd USD;9,80 trilliárd WUD;19,10 trilliárd USD;206;12 392 milliárd WUD;24 163 milliárd USD;37 436 WUD;73 000 USD;12%;94%;3%;6%;0,74 trilliárd WUD;0,72 trilliárd WUD;1,95
2015;66 500 WUD;133 000 USD;6%;48%;11%;13%;6,56 trilliárd WUD;13,13 trilliárd USD;4,76 trilliárd WUD;9,52 trilliárd USD;17%;4 561 milliárd USD;6 213 milliárd USD;11,32 trilliárd WUD;22,65 trilliárd USD;207;13 766 milliárd WUD;27 531 milliárd USD;39 050 WUD;78 100 USD;11%;96%;4%;7%;0,83 trilliárd WUD;0,80 trilliárd WUD;2,00
2016;70 585 WUD;144 699 USD;5%;50%;6%;9%;7,27 trilliárd WUD;14,90 trilliárd USD;5,11 trilliárd WUD;10,48 trilliárd USD;18%;5 270 milliárd USD;6 775 milliárd USD;12,38 trilliárd WUD;25,38 trilliárd USD;208;14 682 milliárd WUD;30 097 milliárd USD;40 390 WUD;82 800 USD;11%;96%;3%;6%;0,73 trilliárd WUD;0,71 trilliárd WUD;2,05
2017;76 608 WUD;158 579 USD;5%;50%;9%;10%;8,04 trilliárd WUD;16,63 trilliárd USD;5,39 trilliárd WUD;11,15 trilliárd USD;20%;6 597 milliárd USD;8 254 milliárd USD;13,42 trilliárd WUD;27,78 trilliárd USD;209;16 011 milliárd WUD;33 143 milliárd USD;41 947 WUD;86 830 USD;8%;95%;4%;5%;0,80 trilliárd WUD;0,77 trilliárd WUD;2,07
2018;78 648 WUD;169 880 USD;5%;53%;3%;7%;8,82 trilliárd WUD;19,06 trilliárd USD;5,78 trilliárd WUD;12,49 trilliárd USD;23%;8 302 milliárd USD;10 086 milliárd USD;14,60 trilliárd WUD;31,55 trilliárd USD;210;16 516 milliárd WUD;35 675 milliárd USD;42 843 WUD;92 540 USD;9%;96%;2%;7%;0,83 trilliárd WUD;0,79 trilliárd WUD;2,16
2019;80 235 WUD;177 319 USD;4%;56%;2%;4%;9,46 trilliárd WUD;20,91 trilliárd USD;5,97 trilliárd WUD;13,20 trilliárd USD;22%;8 261 milliárd USD;9 764 milliárd USD;15,44 trilliárd WUD;34,12 trilliárd USD;212;17 010 milliárd WUD;37 592 milliárd USD;43 299 WUD;95 690 USD;8%;97%;1%;3%;0,68 trilliárd WUD;0,64 trilliárd WUD;2,21
2020;73 428 WUD;165 947 USD;0%;61%;-8%;-6%;9,46 trilliárd WUD;21,39 trilliárd USD;6,27 trilliárd WUD;14,17 trilliárd USD;32%;11 258 milliárd USD;11 258 milliárd USD;15,73 trilliárd WUD;35,56 trilliárd USD;212;15 567 milliárd WUD;35 181 milliárd USD;38 179 WUD;86 285 USD;5%;94%;-12%;-10%;0,00 trilliárd WUD;0,00 trilliárd WUD;2,26
2021;77 476 WUD;174 321 USD;0%;58%;6%;5%;9,46 trilliárd WUD;21,29 trilliárd USD;6,69 trilliárd WUD;15,06 trilliárd USD;28%;10 348 milliárd USD;10 348 milliárd USD;16,16 trilliárd WUD;36,35 trilliárd USD;212;16 425 milliárd WUD;36 956 milliárd USD;40 355 WUD;90 799 USD;4%;95%;6%;5%;0,00 trilliárd WUD;0,00 trilliárd WUD;2,25
2022;78 220 WUD;193 203 USD;2%;59%;1%;11%;9,78 trilliárd WUD;24,15 trilliárd USD;7,01 trilliárd WUD;17,32 trilliárd USD;21%;8 642 milliárd USD;9 465 milliárd USD;16,79 trilliárd WUD;41,47 trilliárd USD;213;16 661 milliárd WUD;41 152 milliárd USD;40 153 WUD;99 177 USD;5%;94%;-1%;9%;0,33 trilliárd WUD;0,31 trilliárd WUD;2,47
2023;79 435 WUD;188 261 USD;1%;59%;2%;-3%;9,94 trilliárd WUD;23,55 trilliárd USD;7,03 trilliárd WUD;16,66 trilliárd USD;23%;9 051 milliárd USD;9 452 milliárd USD;16,97 trilliárd WUD;40,21 trilliárd USD;213;16 920 milliárd WUD;40 100 milliárd USD;42 328 WUD;100 317 USD;5%;95%;5%;1%;0,17 trilliárd WUD;0,16 trilliárd WUD;2,37
2024;83 560 WUD;196 366 USD;3%;59%;5%;4%;10,44 trilliárd WUD;24,53 trilliárd USD;6,39 trilliárd WUD;15,02 trilliárd USD;22%;9 261 milliárd USD;10 516 milliárd USD;16,83 trilliárd WUD;39,54 trilliárd USD;213;17 798 milliárd WUD;41 826 milliárd USD;43 829 WUD;102 999 USD;6%;95%;4%;3%;0,53 trilliárd WUD;0,50 trilliárd WUD;2,35
2025;85 398 WUD;196 415 USD;4%;61%;2%;0%;11,12 trilliárd WUD;25,58 trilliárd USD;6,34 trilliárd WUD;14,58 trilliárd USD;22%;9 204 milliárd USD;10 877 milliárd USD;17,46 trilliárd WUD;40,16 trilliárd USD;213;18 190 milliárd WUD;41 836 milliárd USD;45 111 WUD;103 755 USD;6%;96%;3%;1%;0,73 trilliárd WUD;0,68 trilliárd WUD;2,30
2026;86 640 WUD;200 138 USD;3%;63%;1%;2%;11,64 trilliárd WUD;26,89 trilliárd USD;6,18 trilliárd WUD;14,28 trilliárd USD;23%;9 750 milliárd USD;11 035 milliárd USD;17,82 trilliárd WUD;41,16 trilliárd USD;214;18 541 milliárd WUD;42 830 milliárd USD;45 773 WUD;105 736 USD;6%;96%;1%;2%;0,56 trilliárd WUD;0,52 trilliárd WUD;2,31
2027;88 716 WUD;206 708 USD;1%;62%;2%;3%;11,82 trilliárd WUD;27,53 trilliárd USD;6,09 trilliárd WUD;14,18 trilliárd USD;24%;10 509 milliárd USD;10 951 milliárd USD;17,90 trilliárd WUD;41,72 trilliárd USD;214;18 985 milliárd WUD;44 236 milliárd USD;45 984 WUD;107 143 USD;5%;96%;0%;1%;0,19 trilliárd WUD;0,18 trilliárd WUD;2,33
2028;90 187 WUD;211 038 USD;3%;64%;2%;2%;12,36 trilliárd WUD;28,92 trilliárd USD;6,14 trilliárd WUD;14,37 trilliárd USD;24%;10 839 milliárd USD;12 194 milliárd USD;18,50 trilliárd WUD;43,29 trilliárd USD;214;19 300 milliárd WUD;45 162 milliárd USD;46 774 WUD;109 451 USD;6%;96%;2%;2%;0,58 trilliárd WUD;0,54 trilliárd WUD;2,34
2029;92 675 WUD;218 713 USD;3%;65%;3%;4%;12,91 trilliárd WUD;30,48 trilliárd USD;6,21 trilliárd WUD;14,65 trilliárd USD;25%;11 757 milliárd USD;13 161 milliárd USD;19,12 trilliárd WUD;45,13 trilliárd USD;214;19 832 milliárd WUD;46 805 milliárd USD;47 166 WUD;111 312 USD;6%;95%;1%;2%;0,59 trilliárd WUD;0,56 trilliárd WUD;2,36
2030;93 957 WUD;222 678 USD;1%;65%;1%;2%;13,10 trilliárd WUD;31,05 trilliárd USD;6,25 trilliárd WUD;14,81 trilliárd USD;26%;12 448 milliárd USD;12 926 milliárd USD;19,35 trilliárd WUD;45,87 trilliárd USD;215;20 201 milliárd WUD;47 876 milliárd USD;48 760 WUD;115 561 USD;5%;96%;3%;4%;0,20 trilliárd WUD;0,19 trilliárd WUD;2,37
2031;96 174 WUD;229 856 USD;3%;66%;2%;3%;13,68 trilliárd WUD;32,69 trilliárd USD;6,48 trilliárd WUD;15,49 trilliárd USD;26%;12 956 milliárd USD;14 438 milliárd USD;20,16 trilliárd WUD;48,18 trilliárd USD;215;20 677 milliárd WUD;49 419 milliárd USD;49 156 WUD;117 483 USD;7%;96%;1%;2%;0,62 trilliárd WUD;0,58 trilliárd WUD;2,39
2032;97 797 WUD;235 691 USD;2%;67%;2%;3%;14,07 trilliárd WUD;33,91 trilliárd USD;6,52 trilliárd WUD;15,71 trilliárd USD;25%;12 668 milliárd USD;13 682 milliárd USD;20,59 trilliárd WUD;49,62 trilliárd USD;215;21 026 milliárd WUD;50 674 milliárd USD;50 097 WUD;120 734 USD;5%;97%;2%;3%;0,42 trilliárd WUD;0,39 trilliárd WUD;2,41
2033;98 013 WUD;240 132 USD;1%;68%;0%;2%;14,27 trilliárd WUD;34,95 trilliárd USD;6,49 trilliárd WUD;15,90 trilliárd USD;27%;13 940 milliárd USD;14 457 milliárd USD;20,76 trilliárd WUD;50,86 trilliárd USD;215;21 073 milliárd WUD;51 628 milliárd USD;51 697 WUD;126 658 USD;5%;97%;3%;5%;0,21 trilliárd WUD;0,20 trilliárd WUD;2,45
2034;100 736 WUD;248 818 USD;3%;69%;3%;4%;14,87 trilliárd WUD;36,73 trilliárd USD;6,36 trilliárd WUD;15,70 trilliárd USD;28%;14 956 milliárd USD;16 561 milliárd USD;21,23 trilliárd WUD;52,43 trilliárd USD;215;21 658 milliárd WUD;53 496 milliárd USD;51 155 WUD;126 353 USD;5%;96%;-1%;-0%;0,65 trilliárd WUD;0,60 trilliárd WUD;2,47
2035;102 900 WUD;256 221 USD;1%;68%;2%;3%;15,08 trilliárd WUD;37,54 trilliárd USD;6,48 trilliárd WUD;16,13 trilliárd USD;27%;14 943 milliárd USD;15 496 milliárd USD;21,55 trilliárd WUD;53,67 trilliárd USD;216;22 226 milliárd WUD;55 344 milliárd USD;52 767 WUD;131 390 USD;4%;97%;3%;4%;0,22 trilliárd WUD;0,21 trilliárd WUD;2,49
2036;105 549 WUD;263 873 USD;3%;69%;3%;3%;15,71 trilliárd WUD;39,28 trilliárd USD;6,54 trilliárd WUD;16,34 trilliárd USD;28%;15 959 milliárd USD;17 669 milliárd USD;22,25 trilliárd WUD;55,62 trilliárd USD;216;22 799 milliárd WUD;56 996 milliárd USD;53 490 WUD;133 725 USD;4%;96%;1%;2%;0,68 trilliárd WUD;0,63 trilliárd WUD;2,50
2037;107 881 WUD;271 860 USD;2%;69%;2%;3%;16,14 trilliárd WUD;40,68 trilliárd USD;7,23 trilliárd WUD;18,22 trilliárd USD;27%;15 855 milliárd USD;17 029 milliárd USD;23,37 trilliárd WUD;58,90 trilliárd USD;216;23 302 milliárd WUD;58 722 milliárd USD;54 221 WUD;136 637 USD;3%;97%;1%;2%;0,47 trilliárd WUD;0,43 trilliárd WUD;2,52
2038;110 031 WUD;280 579 USD;2%;70%;2%;3%;16,58 trilliárd WUD;42,28 trilliárd USD;7,30 trilliárd WUD;18,62 trilliárd USD;28%;16 969 milliárd USD;18 182 milliárd USD;23,88 trilliárd WUD;60,90 trilliárd USD;216;23 767 milliárd WUD;60 605 milliárd USD;55 791 WUD;142 267 USD;4%;97%;3%;4%;0,48 trilliárd WUD;0,44 trilliárd WUD;2,55

;2015;2016;2017;2018;Kiadás (GDP %);2019;2020;2021
Tudományos kutatások;1 251 650 millió USD;1 244 000 millió USD;1 788 566 millió USD;1 872 662 millió USD;;2 010 870 millió USD;1 744 578 millió USD;1 643 600 millió USD
Egészségügy;975 607 millió USD;1 280 203 millió USD;1 339 372 millió USD;2 811 306 millió USD;;2 762 130 millió USD;4 763 340 millió USD;3 806 890 millió USD
Infrastruktúra;607 006 millió USD;600 398 millió USD;986 950 millió USD;616 881 millió USD;;819 150 millió USD;779 025 millió USD;1 448 913 millió USD
Oktatás;654 028 millió USD;710 540 millió USD;817 406 millió USD;867 678 millió USD;;812 850 millió USD;960 350 millió USD;1 022 493 millió USD
Katonaság;324 015 millió USD;499 600 millió USD;524 580 millió USD;600 083 millió USD;;662 747 millió USD;561 260 millió USD;581 023 millió USD
Nyugdíjak és sociális kiadások;344 680 millió USD;381 598 millió USD;379 510 millió USD;375 598 millió USD;;372 153 millió USD;966 434 millió USD;497 587 millió USD
Államigazgatás;228 320 millió USD;245 680 millió USD;282 948 millió USD;354 742 millió USD;;363 300 millió USD;486 781 millió USD;448 098 millió USD
Közbiztonság;137 960 millió USD;214 609 millió USD;253 755 millió USD;304 538 millió USD;;267 500 millió USD;396 446 millió USD;308 450 millió USD
Kultúra és sport;105 800 millió USD;169 210 millió USD;203 229 millió USD;184 009 millió USD;;164 500 millió USD;127 826 millió USD;130 360 millió USD
Egyéb kiadások;173 045 millió USD;198 601 millió USD;171 667 millió USD;253 503 millió USD;;204 800 millió USD;638 960 millió USD;618 586 millió USD
- Ebből kamatfizetés;0 millió USD;0 millió USD;0 millió USD;0 millió USD;;0 millió USD;31 200 millió USD;52 800 millió USD
Összesen;4 802 111 millió USD;5 544 439 millió USD;6 747 982 millió USD;8 241 000 millió USD;;8 440 000 millió USD;11 425 000 millió USD;10 506 000 millió USD
Kiadás a GDP százalékában;17%;18%;20%;23%;;22%;32%;28%
Waikiki dollárban;2 401 056 millió WUD;2 704 604 millió WUD;3 259 895 millió WUD;3 815 278 millió WUD;;3 819 005 millió WUD;5 055 310 millió WUD;4 669 333 millió WUD
Kellene;17%;18%;20%;23%;;22%;32%;28%

;2015;2016;2017;2018;Kiadás (GDP %);2019;2020;2021
Állami cégek belföldi profitja;1 137 825 millió USD;1 370 664 millió USD;2 592 182 millió USD;3 891 195 millió USD;;3 642 422 millió USD;2 530 722 millió USD;2 501 893 millió USD
Vállalati adó;1 635 068 millió USD;1 770 604 millió USD;2 066 016 millió USD;2 144 476 millió USD;;2 199 609 millió USD;1 876 039 millió USD;1 840 360 millió USD
Állami cégek külföldi profitja;1 105 030 millió USD;1 180 071 millió USD;1 421 938 millió USD;2 159 399 millió USD;;2 324 874 millió USD;2 676 130 millió USD;2 570 030 millió USD
Környezetvédelmi adó;397 540 millió USD;492 370 millió USD;510 426 millió USD;554 171 millió USD;;618 898 millió USD;789 016 millió USD;896 011 millió USD
A Nemzeti Bank bevételei;741 475 millió USD;649 524 millió USD;792 870 millió USD;501 752 millió USD;;294 895 millió USD;81 342 millió USD;183 000 millió USD
Az egészségügy bevételei;1 100 937 millió USD;1 204 920 millió USD;548 143 millió USD;399 340 millió USD;;386 012 millió USD;278 260 millió USD;241 320 millió USD
Nemzetközi hitelek kamatai;112 980 millió USD;156 713 millió USD;144 403 millió USD;186 172 millió USD;;173 100 millió USD;209 153 millió USD;173 640 millió USD
Vámok és nemzetközi szerződések;120 734 millió USD;127 036 millió USD;129 668 millió USD;159 823 millió USD;;160 380 millió USD;123 780 millió USD;103 900 millió USD
Egyéb díjak és bevételek;106 870 millió USD;108 064 millió USD;95 354 millió USD;117 673 millió USD;;137 810 millió USD;2 830 358 millió USD;1 986 780 millió USD
- Ebből értékpapír kibocsátás;0 millió USD;0 millió USD;0 millió USD;0 millió USD;;0 millió USD;2 600 000 millió USD;1 800 000 millió USD
Összesen;6 458 459 millió USD;7 059 966 millió USD;8 301 000 millió USD;10 114 000 millió USD;;9 938 000 millió USD;11 394 800 millió USD;10 496 934 millió USD
Bevétel a GDP százalékában;23%;23%;25%;28%;;26%;32%;28%
Waikiki dollárban;3 229 229 millió WUD;3 443 886 millió WUD;4 010 145 millió WUD;4 682 407 millió WUD;;4 496 833 millió WUD;5 041 947 millió WUD;4 665 304 millió WUD
Kellene;23%;23%;25%;28%;;26%;32%;28%
Adó a GDP százalékában;7,4%;7,5%;7,8%;7,6%;;7,5%;7,6%;7,4%

;2015;2016;2017;2018;2019;2020;2021
Állami befektetések profitja;2 242 855 millió USD;2 550 735 millió USD;4 014 120 millió USD;6 050 594 millió USD;5 967 296 millió USD;4 855 596 millió USD;5 178 023 millió USD
- Ebből belföldi profit;1 137 825 millió USD;1 370 664 millió USD;2 592 182 millió USD;3 891 195 millió USD;3 642 422 millió USD;2 530 722 millió USD;2 501 893 millió USD
- Ebből külföldi profit;1 105 030 millió USD;1 180 071 millió USD;1 421 938 millió USD;2 159 399 millió USD;2 324 874 millió USD;2 324 874 millió USD;2 676 130 millió USD
Államháztartási tartalék;13 126 892 millió USD;14 902 057 millió USD;16 633 228 millió USD;19 055 209 millió USD;20 914 857 millió USD;21 388 043 millió USD;21 293 406 millió USD
- Ebből részvény;6 892 173 millió USD;7 800 254 millió USD;8 878 012 millió USD;11 616 000 millió USD;14 246 300 millió USD;14 620 301 millió USD;13 468 701 millió USD
- Ebből kötvény;4 603 988 millió USD;5 103 700 millió USD;5 709 704 millió USD;5 143 000 millió USD;4 532 604 millió USD;4 842 040 millió USD;6 039 752 millió USD
- Ebből állampapír;553 078 millió USD;675 197 millió USD;875 640 millió USD;1 098 000 millió USD;972 354 millió USD;894 026 millió USD;1 022 470 millió USD
- Ebből hitel;857 080 millió USD;891 124 millió USD;886 003 millió USD;892 000 millió USD;803 706 millió USD;650 978 millió USD;403 870 millió USD
- Ebből deviza;106 116 millió USD;294 885 millió USD;146 047 millió USD;149 548 millió USD;187 872 millió USD;161 716 millió USD;130 179 millió USD
- Ebből aranytartalék;114 457 millió USD;136 897 millió USD;137 823 millió USD;156 661 millió USD;172 020 millió USD;218 983 millió USD;228 434 millió USD
Waikiki Nemzeti Vagyonalap hozam;17,09%;17,12%;24,13%;31,75%;28,53%;22,70%;24,32%
S&P 500 részvényindex hozam;1,38%;11,96%;21,83%;-4,38%;31,49%;18,40%;28,71%

;Waikiki;USA;Anglia;Dubai;Németország;Olaszország;Szaud Arábia;Kína;Oroszország
Összesen;14 902 056 800 000 USD;-19 730 000 000 000 USD;-2 140 000 000 000 USD;348 000 000 000 USD;-2 028 000 000 000 USD;-2 247 000 000 000 USD;583 000 000 000 USD;-4 667 000 000 000 USD;736 000 000 000 USD
;14 902 milliárd USD;-19 730 milliárd USD;-2 140 milliárd USD;348 milliárd USD;-2 028 milliárd USD;-2 247 milliárd USD;583 milliárd USD;-4 667 milliárd USD;736 milliárd USD
Lakosság;208 000 000;324 352 551;66 767 000;9400000;83 751 602;60 795 764;32 612 641;1 381 000 000;146 300 000
Állampolgáronként;71 645 USD;-60 829 USD;-32 052 USD;37 021 USD;-24 214 USD;-36 960 USD;17 877 USD;-3 379 USD;5 031 USD

;Waikiki;USA;Anglia;Dubai;Németország;Olaszország;Szaud Arábia;Kína;Oroszország
Összesen;27 531 000 000 000 USD;18 036 650 000 000 USD;2 858 482 000 000 USD;370 296 000 000 USD;3 365 293 000 000 USD;1 815 759 000 000 USD;646 002 000 000 USD;11 181 556 000 000 USD;1 326 016 000 000 USD
;27 531 milliárd USD;18 037 milliárd USD;2 858 milliárd USD;370 milliárd USD;3 365 milliárd USD;1 816 milliárd USD;646 milliárd USD;11 182 milliárd USD;1 326 milliárd USD
Lakosság;208 000 000;324 352 551;66 767 000;9400000;83 751 602;60 795 764;32 612 641;1 381 000 000;146 300 000
Állampolgáronként;132 361 USD;55 608 USD;42 813 USD;39 393 USD;40 182 USD;29 867 USD;19 808 USD;8 097 USD;9 064 USD

;Waikiki;Kiadás (GDP %);USA;Anglia
Állami cégek belföldi profitja;2 492 milliárd USD;;54 milliárd USD;36 milliárd USD
Vállalati adó;2 279 milliárd USD;;441 milliárd USD;191 milliárd USD
Állami cégek külföldi profitja;1 623 milliárd USD;;;
Környezetvédelmi adó;810 milliárd USD;;;138 milliárd USD
A Nemzeti Bank bevételei;779 milliárd USD;;132 milliárd USD;31 milliárd USD
Az egészségügy bevételei;548 milliárd USD;;1 328 milliárd USD;237 milliárd USD
Nemzetközi hitelek kamatai;144 milliárd USD;;;
Jövedelemadó;;;1 861 milliárd USD;619 milliárd USD
Vámok és nemzetközi szerződések;130 milliárd USD;;59 milliárd USD;39 milliárd USD
Egyéb díjak és bevételek;95 milliárd USD;;208 milliárd USD;144 milliárd USD
Összesen;8 901 milliárd USD;;4 083 milliárd USD;1 435 milliárd USD

;Waikiki;Kiadás (GDP %);USA;Anglia
Tudományos kutatások;1 889 milliárd USD;;124 milliárd USD;37 milliárd USD
Egészségügy;1 539 milliárd USD;;1 260 milliárd USD;291 milliárd USD
Infrastruktúra;987 milliárd USD;;172 milliárd USD;99 milliárd USD
Oktatás;817 milliárd USD;;145 milliárd USD;255 milliárd USD
Katonaság;591 milliárd USD;;753 milliárd USD;98 milliárd USD
Nyugdíjak és sociális kiadások;380 milliárd USD;;1 536 milliárd USD;534 milliárd USD
Államigazgatás;283 milliárd USD;;106 milliárd USD;38 milliárd USD
Közbiztonság;254 milliárd USD;;98 milliárd USD;74 milliárd USD
Kultúra és sport;203 milliárd USD;;55 milliárd USD;44 milliárd USD
Egyéb kiadások;172 milliárd USD;;586 milliárd USD;55 milliárd USD
Összesen;7 114 milliárd USD;;4 835 milliárd USD;1 525 milliárd USD

;GDP;Bevételek;Adók;Nemzeti bank bevételei;Kiadások
USD;33 143 milliárd USD;8 901 milliárd USD;3 089 milliárd USD;779 milliárd USD;7 114 milliárd USD
WUD;16 011 milliárd WUD;4 300 milliárd WUD;1 492 milliárd WUD;376 milliárd WUD;3 437 milliárd WUD
% of GDP;100%;27%;9%;2%;21%

;Waikiki;Egyesült Államok
2000;33;-5699
2001;144;-5813
2002;290;-6192
2003;332;-6728
2004;453;-7345
2005;613;-7929
2006;1176;-8495
2007;2066;-8989
2008;3305;-9914
2009;3966;-11723
2010;4935;-13390
2011;6190;-14657
2012;7438;-15990
2013;9583;-16851
2014;11243;-17800
2015;13127;-18344
2016;14902;-19549
2017;16633;-20107
2018;19055;-21444
2019;20915;-22493
2020;21388;-26099
2021;21293;-28677
2022;24148;-30830
2023;23547;-32740
2024;24527;-35275

;1;2;3;4;5;6;7;8;9;10
Színek;005493;AE1916;009193;FF9300;0099CC;CC9900;941751;424242;945200;009051

;Megtakarítás;Kiadás (GDP %)
Részvények;14620 milliárd USD;
Kötvények;4842 milliárd USD;
Állampapírok;894 milliárd USD;
Hitelek;651 milliárd USD;
Deviza;162 milliárd USD;
Aranytartalék;219 milliárd USD;
Összesen;21388 milliárd USD;

;Befektetés;Kiadás (GDP %)
Afrika;895 milliárd USD;
Ázsia;981 milliárd USD;
Európa;1119 milliárd USD;
Amerika;4467 milliárd USD;
Ausztrália;2457 milliárd USD;
Waikiki;11469 milliárd USD;
Összesen;21388 milliárd USD;

;Átlag vagyon;Összes vagyon;Százalék
Alsó 20%;31 470 USD;1 302 858 millió USD;1,5%
20%-30%;82 241 USD;1 702 389 millió USD;2,0%
30%-40%;145 946 USD;3 021 082 millió USD;3,5%
40%-50%;196 000 USD;4 057 200 millió USD;4,7%
50%-60%;281 466 USD;5 826 346 millió USD;6,7%
60%-70%;395 733 USD;8 191 673 millió USD;9,4%
70%-80%;528 800 USD;10 946 160 millió USD;12,6%
80%-90%;714 666 USD;14 793 586 millió USD;17,0%
90%-95%;944 533 USD;9 775 917 millió USD;11,3%
Feslő 5%;2 634 666 USD;27 268 793 millió USD;31,4%
Összesen;;86 886 004 millió USD;100,0%

;Export;Kiadás (GDP %);Import
Üzemanyagok és energiahordozók;402 milliárd USD;;81 milliárd USD
Élelmiszer;35 milliárd USD;;31 milliárd USD
Háztartási és ipari gépek;192 milliárd USD;;310 milliárd USD
Gyógyszerek;220 milliárd USD;;48 milliárd USD
Elektronikai eszközök;550 milliárd USD;;157 milliárd USD
Egészségügyi felszerelések;74 milliárd USD;;73 milliárd USD
Repülők és űrhajók;219 milliárd USD;;25 milliárd USD
Nyersanyagok és ásványok;24 milliárd USD;;119 milliárd USD
Bútorok és lakberendezés;67 milliárd USD;;54 milliárd USD
Járművek;158 milliárd USD;;240 milliárd USD
Összesen;1941 milliárd USD;;1138 milliárd USD

Waikiki Space Station 200 milliárd USD;200 milliárd USD
Intercontinental Missile Defense System 132 milliárd USD;132 milliárd USD
Interprovince Tunnel System 85 milliárd USD;85 milliárd USD
Artificial Islands and Dam Project 76 milliárd USD;76 milliárd USD
New Raimondo Underground Network 72 milliárd USD;72 milliárd USD
Mega Pyramid City 65 milliárd USD;65 milliárd USD
Brazilian Hydrogen Power Plant 48 milliárd USD;48 milliárd USD
Very Large Hadron Collider 42 milliárd USD;42 milliárd USD
New Raimondo Central Airport 32 milliárd USD;32 milliárd USD
Brazilian Railway Project 24 milliárd USD;24 milliárd USD

;Vagyon;Kiadás (GDP %)
Állampolgárok teljes vagyona;86,89 trilliárd USD;
Állami vagyon;21,39 trilliárd USD;
A királyi család vagyona;14,17 trilliárd USD;
Állandó lakosok vagyona;28,78 trilliárd USD;
Külföldi cégek vagyona;17,92 trilliárd USD;
Ideiglenes munkavállalók vagyona;5,21 trilliárd USD;
Összesen;174,36 trilliárd USD;

;Waikiki;USA;Anglia
Alsó 20%;1,5%;1,2%;0,5%
20%-40%;5,4%;1,8%;3,8%
40%-60%;11,4%;2,7%;10,3%
60%-80%;22,0%;8,4%;21,6%
Felső 20%;59,7%;85,9%;63,8%
Összesen;100,0%;100,0%;100,0%

;2015;2016;2017;2018;Kiadás (GDP %);2019;2020;2021
Tudományos kutatások;1252 milliárd USD;1244 milliárd USD;1789 milliárd USD;1873 milliárd USD;;2011 milliárd USD;1745 milliárd USD;1644 milliárd USD
Egészségügy;976 milliárd USD;1280 milliárd USD;1339 milliárd USD;2811 milliárd USD;;2762 milliárd USD;4763 milliárd USD;3807 milliárd USD
Infrastruktúra;607 milliárd USD;600 milliárd USD;987 milliárd USD;617 milliárd USD;;819 milliárd USD;779 milliárd USD;1449 milliárd USD
Oktatás;654 milliárd USD;711 milliárd USD;817 milliárd USD;868 milliárd USD;;813 milliárd USD;960 milliárd USD;1022 milliárd USD
Katonaság;324 milliárd USD;500 milliárd USD;525 milliárd USD;600 milliárd USD;;663 milliárd USD;561 milliárd USD;581 milliárd USD
Nyugdíjak és sociális kiadások;345 milliárd USD;382 milliárd USD;380 milliárd USD;376 milliárd USD;;372 milliárd USD;966 milliárd USD;498 milliárd USD
Államigazgatás;228 milliárd USD;246 milliárd USD;283 milliárd USD;355 milliárd USD;;363 milliárd USD;487 milliárd USD;448 milliárd USD
Közbiztonság;138 milliárd USD;215 milliárd USD;254 milliárd USD;305 milliárd USD;;268 milliárd USD;396 milliárd USD;308 milliárd USD
Kultúra és sport;106 milliárd USD;169 milliárd USD;203 milliárd USD;184 milliárd USD;;165 milliárd USD;128 milliárd USD;130 milliárd USD
Egyéb kiadások;173 milliárd USD;199 milliárd USD;172 milliárd USD;254 milliárd USD;;205 milliárd USD;639 milliárd USD;619 milliárd USD
- Ebből kamatfizetés;0 milliárd USD;0 milliárd USD;0 milliárd USD;0 milliárd USD;;0 milliárd USD;31 milliárd USD;53 milliárd USD

;2015;2016;2017;2018;Kiadás (GDP %);2019;2020;2021
Állami cégek belföldi profitja;1138 milliárd USD;1371 milliárd USD;2592 milliárd USD;3891 milliárd USD;;3642 milliárd USD;2531 milliárd USD;2502 milliárd USD
Vállalati adó;1635 milliárd USD;1771 milliárd USD;2066 milliárd USD;2144 milliárd USD;;2200 milliárd USD;1876 milliárd USD;1840 milliárd USD
Állami cégek külföldi profitja;1105 milliárd USD;1180 milliárd USD;1422 milliárd USD;2159 milliárd USD;;2325 milliárd USD;2676 milliárd USD;2570 milliárd USD
Környezetvédelmi adó;398 milliárd USD;492 milliárd USD;510 milliárd USD;554 milliárd USD;;619 milliárd USD;789 milliárd USD;896 milliárd USD
A Nemzeti Bank bevételei;741 milliárd USD;650 milliárd USD;793 milliárd USD;502 milliárd USD;;295 milliárd USD;81 milliárd USD;183 milliárd USD
Az egészségügy bevételei;1101 milliárd USD;1205 milliárd USD;548 milliárd USD;399 milliárd USD;;386 milliárd USD;278 milliárd USD;241 milliárd USD
Nemzetközi hitelek kamatai;113 milliárd USD;157 milliárd USD;144 milliárd USD;186 milliárd USD;;173 milliárd USD;209 milliárd USD;174 milliárd USD
Vámok és nemzetközi szerződések;121 milliárd USD;127 milliárd USD;130 milliárd USD;160 milliárd USD;;160 milliárd USD;124 milliárd USD;104 milliárd USD
Egyéb díjak és bevételek;107 milliárd USD;108 milliárd USD;95 milliárd USD;118 milliárd USD;;138 milliárd USD;2830 milliárd USD;1987 milliárd USD

;Waikiki;Amazónia;Brazília
Waikiki;0;542;397
Amazónia;208;0;836
Brazília;170;716;0

;Bankjegyek (M0);Folyószámla (M1);Rövid lejáratú betétek (M2);Hosszú lejáratú betétek (M3);Likvid értékpapírok (M4);Befektetések (M5);GDP;Tartalék;M2 / fő;M2 / fő (Ft);M2 (WUD)
Waikiki;0 USD;18 023 000 000 000 USD;20 787 000 000 000 USD;;;;37 895 000 000 000 USD;23 370 000 000 000 USD;99 938 USD;24 984 375 Ft;10 393 500 000 000
USA;1 600 000 000 000 USD;3 646 000 000 000 USD;13 841 000 000 000 USD;;;;18 036 650 000 000 USD;-19 730 000 000 000 USD;42 673 USD;10 668 176 Ft;6 920 500 000 000

;Bankjegyek (M0);Folyószámla (M1);Megtakarítások (M2);Hosszú lejáratú betétek (M3);Likvid értékpapírok (M4);Befektetések (M5);GDP;Tartalék;Alapkamat (betét);Alapkamat (hitel);Infláció
Waikiki;0 milliárd USD;18 023 milliárd USD;20 787 milliárd USD;;;;37 895 milliárd USD;23 370 milliárd USD;3,20%;7,50%;0,00%
USA;1 600 milliárd USD;3 646 milliárd USD;13 841 milliárd USD;;;;18 037 milliárd USD;-19 730 milliárd USD;1,41%;1,75%;2,54%

Dátum;Waikiki pénzkibocsátás (WUD);Waikiki pénzkibocsátás (USD);Waikiki pénzmennyiség (WUD);Waikiki pénzmennyiség (USD);USA pénzmennyiség (USD);USA pénzkibocsátás (USD);WNB betét alapkamat;FED betét alapkamat;Waikiki 5 éves hitel alapkamat;USA 5 éves hitel alapkamat;Waikiki hitel - betét;USA hitel - betét
2000;0 milliárd WUD;0 milliárd USD;1 000 milliárd WUD;940 milliárd USD;4 666 milliárd USD;0 milliárd USD;1,44%;5,49%;3,14%;8,05%;1,70%;2,56%
2000. február;70 milliárd WUD;63 milliárd USD;1 070 milliárd WUD;959 milliárd USD;4 679 milliárd USD;13 milliárd USD;1,50%;5,73%;3,25%;8,23%;1,75%;2,51%
2000. március;68 milliárd WUD;61 milliárd USD;1 138 milliárd WUD;1 025 milliárd USD;4 710 milliárd USD;31 milliárd USD;1,55%;5,85%;3,30%;8,25%;1,75%;2,40%
2000. április;65 milliárd WUD;56 milliárd USD;1 203 milliárd WUD;1 028 milliárd USD;4 766 milliárd USD;56 milliárd USD;1,58%;6,00%;3,33%;8,27%;1,75%;2,28%
2000. május;71 milliárd WUD;66 milliárd USD;1 274 milliárd WUD;1 196 milliárd USD;4 754 milliárd USD;-12 milliárd USD;1,63%;6,25%;3,48%;8,65%;1,85%;2,41%
2000. június;59 milliárd WUD;56 milliárd USD;1 333 milliárd WUD;1 258 milliárd USD;4 772 milliárd USD;18 milliárd USD;1,75%;6,53%;3,65%;8,60%;1,90%;2,07%
2000. július;23 milliárd WUD;20 milliárd USD;1 355 milliárd WUD;1 204 milliárd USD;4 789 milliárd USD;18 milliárd USD;1,78%;6,52%;3,68%;8,54%;1,90%;2,02%
2000. augusztus;22 milliárd WUD;22 milliárd USD;1 378 milliárd WUD;1 327 milliárd USD;4 818 milliárd USD;28 milliárd USD;1,87%;6,52%;3,82%;8,49%;1,95%;1,97%
2000. szeptember;62 milliárd WUD;57 milliárd USD;1 440 milliárd WUD;1 321 milliárd USD;4 853 milliárd USD;36 milliárd USD;1,86%;6,48%;3,91%;8,38%;2,05%;1,89%
2000. október;11 milliárd WUD;10 milliárd USD;1 451 milliárd WUD;1 338 milliárd USD;4 869 milliárd USD;16 milliárd USD;2,03%;6,54%;4,03%;8,39%;2,00%;1,84%
2000. november;10 milliárd WUD;9 milliárd USD;1 461 milliárd WUD;1 369 milliárd USD;4 880 milliárd USD;11 milliárd USD;1,95%;6,51%;4,10%;8,39%;2,15%;1,88%
2000. december;21 milliárd WUD;20 milliárd USD;1 482 milliárd WUD;1 381 milliárd USD;4 925 milliárd USD;45 milliárd USD;1,99%;6,44%;4,34%;8,19%;2,35%;1,76%
2001;82 milliárd WUD;78 milliárd USD;1 564 milliárd WUD;1 480 milliárd USD;4 975 milliárd USD;51 milliárd USD;1,92%;5,95%;4,47%;7,76%;2,55%;1,81%
2001. február;4 milliárd WUD;4 milliárd USD;1 568 milliárd WUD;1 522 milliárd USD;5 014 milliárd USD;38 milliárd USD;1,83%;5,47%;4,48%;7,44%;2,65%;1,98%
2001. március;29 milliárd WUD;29 milliárd USD;1 597 milliárd WUD;1 558 milliárd USD;5 071 milliárd USD;58 milliárd USD;1,90%;5,31%;4,60%;7,24%;2,70%;1,93%
2001. április;30 milliárd WUD;30 milliárd USD;1 627 milliárd WUD;1 628 milliárd USD;5 135 milliárd USD;64 milliárd USD;1,78%;4,78%;4,58%;6,99%;2,80%;2,20%
2001. május;45 milliárd WUD;41 milliárd USD;1 672 milliárd WUD;1 530 milliárd USD;5 132 milliárd USD;-3 milliárd USD;1,84%;4,25%;4,64%;6,79%;2,80%;2,53%
2001. június;6 milliárd WUD;6 milliárd USD;1 678 milliárd WUD;1 594 milliárd USD;5 173 milliárd USD;40 milliárd USD;1,85%;4,02%;4,55%;6,58%;2,70%;2,57%
2001. július;33 milliárd WUD;32 milliárd USD;1 711 milliárd WUD;1 668 milliárd USD;5 202 milliárd USD;30 milliárd USD;1,79%;3,81%;4,54%;6,43%;2,75%;2,62%
2001. augusztus;33 milliárd WUD;32 milliárd USD;1 745 milliárd WUD;1 657 milliárd USD;5 236 milliárd USD;34 milliárd USD;1,69%;3,64%;4,39%;6,23%;2,70%;2,59%
2001. szeptember;30 milliárd WUD;30 milliárd USD;1 775 milliárd WUD;1 800 milliárd USD;5 347 milliárd USD;111 milliárd USD;1,63%;3,05%;4,48%;5,93%;2,85%;2,87%
2001. október;96 milliárd WUD;95 milliárd USD;1 870 milliárd WUD;1 850 milliárd USD;5 336 milliárd USD;-11 milliárd USD;1,66%;2,45%;4,46%;5,42%;2,80%;2,97%
2001. november;61 milliárd WUD;58 milliárd USD;1 931 milliárd WUD;1 843 milliárd USD;5 380 milliárd USD;44 milliárd USD;1,72%;2,11%;4,62%;5,22%;2,90%;3,12%
2001. december;42 milliárd WUD;44 milliárd USD;1 974 milliárd WUD;2 051 milliárd USD;5 433 milliárd USD;53 milliárd USD;1,60%;1,77%;4,55%;5,24%;2,95%;3,46%
2002;39 milliárd WUD;39 milliárd USD;2 013 milliárd WUD;2 001 milliárd USD;5 453 milliárd USD;20 milliárd USD;1,59%;1,77%;4,74%;5,17%;3,15%;3,40%
2002. február;18 milliárd WUD;19 milliárd USD;2 031 milliárd WUD;2 131 milliárd USD;5 482 milliárd USD;29 milliárd USD;1,50%;1,74%;4,80%;5,14%;3,30%;3,41%
2002. március;38 milliárd WUD;38 milliárd USD;2 069 milliárd WUD;2 057 milliárd USD;5 494 milliárd USD;12 milliárd USD;1,50%;1,68%;4,65%;5,28%;3,15%;3,60%
2002. április;40 milliárd WUD;38 milliárd USD;2 109 milliárd WUD;2 023 milliárd USD;5 494 milliárd USD;0 milliárd USD;1,71%;1,81%;4,71%;5,24%;3,00%;3,43%
2002. május;34 milliárd WUD;35 milliárd USD;2 143 milliárd WUD;2 216 milliárd USD;5 521 milliárd USD;26 milliárd USD;1,65%;1,75%;4,60%;5,18%;2,95%;3,43%
2002. június;9 milliárd WUD;9 milliárd USD;2 152 milliárd WUD;2 258 milliárd USD;5 546 milliárd USD;25 milliárd USD;1,61%;1,71%;4,46%;4,98%;2,85%;3,27%
2002. július;4 milliárd WUD;4 milliárd USD;2 156 milliárd WUD;2 101 milliárd USD;5 588 milliárd USD;43 milliárd USD;1,59%;1,72%;4,59%;4,88%;3,00%;3,17%
2002. augusztus;38 milliárd WUD;40 milliárd USD;2 194 milliárd WUD;2 303 milliárd USD;5 631 milliárd USD;42 milliárd USD;1,63%;1,72%;4,58%;4,75%;2,95%;3,02%
2002. szeptember;17 milliárd WUD;17 milliárd USD;2 211 milliárd WUD;2 178 milliárd USD;5 655 milliárd USD;24 milliárd USD;1,60%;1,75%;4,50%;4,56%;2,90%;2,82%
2002. október;65 milliárd WUD;68 milliárd USD;2 276 milliárd WUD;2 390 milliárd USD;5 700 milliárd USD;45 milliárd USD;1,62%;1,72%;4,47%;4,66%;2,85%;2,94%
2002. november;17 milliárd WUD;18 milliárd USD;2 293 milliárd WUD;2 443 milliárd USD;5 750 milliárd USD;50 milliárd USD;1,58%;1,32%;4,58%;4,42%;3,00%;3,11%
2002. december;8 milliárd WUD;9 milliárd USD;2 301 milliárd WUD;2 372 milliárd USD;5 771 milliárd USD;21 milliárd USD;1,53%;1,22%;4,48%;4,28%;2,95%;3,06%
2003;15 milliárd WUD;15 milliárd USD;2 316 milliárd WUD;2 329 milliárd USD;5 804 milliárd USD;33 milliárd USD;1,59%;1,28%;4,54%;4,26%;2,95%;2,97%
2003. február;10 milliárd WUD;11 milliárd USD;2 326 milliárd WUD;2 538 milliárd USD;5 840 milliárd USD;36 milliárd USD;1,46%;1,22%;4,36%;4,09%;2,90%;2,87%
2003. március;20 milliárd WUD;21 milliárd USD;2 346 milliárd WUD;2 479 milliárd USD;5 860 milliárd USD;21 milliárd USD;1,54%;1,29%;4,39%;4,06%;2,85%;2,76%
2003. április;59 milliárd WUD;63 milliárd USD;2 405 milliárd WUD;2 602 milliárd USD;5 898 milliárd USD;37 milliárd USD;1,43%;1,24%;4,18%;4,05%;2,75%;2,81%
2003. május;35 milliárd WUD;39 milliárd USD;2 440 milliárd WUD;2 702 milliárd USD;5 958 milliárd USD;60 milliárd USD;1,40%;1,26%;4,15%;3,82%;2,75%;2,55%
2003. június;20 milliárd WUD;22 milliárd USD;2 460 milliárd WUD;2 639 milliárd USD;5 995 milliárd USD;37 milliárd USD;1,30%;1,17%;3,85%;3,64%;2,55%;2,47%
2003. július;14 milliárd WUD;16 milliárd USD;2 474 milliárd WUD;2 767 milliárd USD;6 041 milliárd USD;47 milliárd USD;1,37%;1,03%;3,92%;3,83%;2,55%;2,79%
2003. augusztus;52 milliárd WUD;57 milliárd USD;2 526 milliárd WUD;2 763 milliárd USD;6 100 milliárd USD;58 milliárd USD;1,27%;1,00%;3,92%;4,08%;2,65%;3,09%
2003. szeptember;55 milliárd WUD;59 milliárd USD;2 581 milliárd WUD;2 811 milliárd USD;6 072 milliárd USD;-28 milliárd USD;1,25%;0,96%;3,45%;3,96%;2,20%;2,99%
2003. október;34 milliárd WUD;37 milliárd USD;2 615 milliárd WUD;2 836 milliárd USD;6 063 milliárd USD;-9 milliárd USD;1,16%;0,97%;3,56%;3,93%;2,40%;2,97%
2003. november;28 milliárd WUD;30 milliárd USD;2 643 milliárd WUD;2 828 milliárd USD;6 068 milliárd USD;5 milliárd USD;1,22%;1,02%;3,57%;3,99%;2,35%;2,98%
2003. december;23 milliárd WUD;25 milliárd USD;2 666 milliárd WUD;2 921 milliárd USD;6 066 milliárd USD;-2 milliárd USD;1,19%;1,02%;3,44%;3,99%;2,25%;2,96%
2004;12 milliárd WUD;13 milliárd USD;2 678 milliárd WUD;2 949 milliárd USD;6 074 milliárd USD;9 milliárd USD;1,06%;0,96%;3,26%;3,86%;2,20%;2,90%
2004. február;24 milliárd WUD;27 milliárd USD;2 702 milliárd WUD;3 126 milliárd USD;6 113 milliárd USD;39 milliárd USD;1,06%;0,97%;3,16%;3,84%;2,10%;2,88%
2004. március;2 milliárd WUD;3 milliárd USD;2 704 milliárd WUD;3 144 milliárd USD;6 149 milliárd USD;36 milliárd USD;1,04%;0,99%;3,09%;3,72%;2,05%;2,73%
2004. április;38 milliárd WUD;41 milliárd USD;2 742 milliárd WUD;3 011 milliárd USD;6 190 milliárd USD;41 milliárd USD;0,98%;0,98%;3,13%;4,01%;2,15%;3,02%
2004. május;52 milliárd WUD;60 milliárd USD;2 794 milliárd WUD;3 224 milliárd USD;6 267 milliárd USD;77 milliárd USD;1,04%;1,04%;3,14%;4,30%;2,10%;3,25%
2004. június;15 milliárd WUD;18 milliárd USD;2 809 milliárd WUD;3 258 milliárd USD;6 269 milliárd USD;2 milliárd USD;0,92%;1,00%;3,07%;4,31%;2,15%;3,31%
2004. július;11 milliárd WUD;13 milliárd USD;2 820 milliárd WUD;3 371 milliárd USD;6 283 milliárd USD;14 milliárd USD;0,96%;1,27%;3,11%;4,33%;2,15%;3,06%
2004. augusztus;35 milliárd WUD;39 milliárd USD;2 855 milliárd WUD;3 173 milliárd USD;6 309 milliárd USD;26 milliárd USD;0,92%;1,45%;3,02%;4,33%;2,10%;2,88%
2004. szeptember;59 milliárd WUD;71 milliárd USD;2 914 milliárd WUD;3 489 milliárd USD;6 344 milliárd USD;35 milliárd USD;0,84%;1,60%;2,94%;4,31%;2,10%;2,71%
2004. október;19 milliárd WUD;22 milliárd USD;2 933 milliárd WUD;3 470 milliárd USD;6 372 milliárd USD;28 milliárd USD;0,89%;1,80%;2,94%;4,41%;2,05%;2,60%
2004. november;22 milliárd WUD;25 milliárd USD;2 955 milliárd WUD;3 336 milliárd USD;6 399 milliárd USD;27 milliárd USD;0,80%;1,93%;2,80%;4,53%;2,00%;2,61%
2004. december;13 milliárd WUD;16 milliárd USD;2 968 milliárd WUD;3 517 milliárd USD;6 417 milliárd USD;19 milliárd USD;0,82%;2,13%;2,82%;4,65%;2,00%;2,51%
2005;25 milliárd WUD;31 milliárd USD;2 994 milliárd WUD;3 625 milliárd USD;6 423 milliárd USD;6 milliárd USD;0,87%;2,30%;2,77%;4,76%;1,90%;2,47%
2005. február;36 milliárd WUD;45 milliárd USD;3 030 milliárd WUD;3 747 milliárd USD;6 432 milliárd USD;8 milliárd USD;0,90%;2,50%;2,70%;4,90%;1,80%;2,39%
2005. március;14 milliárd WUD;17 milliárd USD;3 044 milliárd WUD;3 722 milliárd USD;6 441 milliárd USD;9 milliárd USD;0,91%;2,64%;2,71%;5,14%;1,80%;2,50%
2005. április;61 milliárd WUD;73 milliárd USD;3 105 milliárd WUD;3 723 milliárd USD;6 455 milliárd USD;14 milliárd USD;0,81%;2,75%;2,61%;5,18%;1,80%;2,43%
2005. május;11 milliárd WUD;14 milliárd USD;3 116 milliárd WUD;3 911 milliárd USD;6 472 milliárd USD;17 milliárd USD;0,85%;3,00%;2,60%;5,25%;1,75%;2,25%
2005. június;29 milliárd WUD;35 milliárd USD;3 145 milliárd WUD;3 777 milliárd USD;6 504 milliárd USD;32 milliárd USD;0,79%;3,03%;2,59%;5,21%;1,80%;2,19%
2005. július;39 milliárd WUD;47 milliárd USD;3 184 milliárd WUD;3 844 milliárd USD;6 536 milliárd USD;32 milliárd USD;0,81%;3,22%;2,46%;5,41%;1,65%;2,20%
2005. augusztus;50 milliárd WUD;62 milliárd USD;3 234 milliárd WUD;4 021 milliárd USD;6 569 milliárd USD;33 milliárd USD;0,89%;3,49%;2,39%;5,58%;1,50%;2,08%
2005. szeptember;7 milliárd WUD;9 milliárd USD;3 241 milliárd WUD;4 082 milliárd USD;6 603 milliárd USD;34 milliárd USD;0,85%;3,62%;2,30%;5,62%;1,45%;1,99%
2005. október;9 milliárd WUD;11 milliárd USD;3 250 milliárd WUD;4 081 milliárd USD;6 637 milliárd USD;34 milliárd USD;0,87%;3,80%;2,12%;5,87%;1,25%;2,07%
2005. november;53 milliárd WUD;66 milliárd USD;3 303 milliárd WUD;4 070 milliárd USD;6 653 milliárd USD;16 milliárd USD;0,85%;4,05%;2,10%;6,09%;1,25%;2,04%
2005. december;31 milliárd WUD;38 milliárd USD;3 334 milliárd WUD;4 195 milliárd USD;6 680 milliárd USD;27 milliárd USD;0,83%;4,14%;1,88%;6,11%;1,05%;1,97%
2006;9 milliárd WUD;11 milliárd USD;3 343 milliárd WUD;4 161 milliárd USD;6 723 milliárd USD;42 milliárd USD;0,91%;4,30%;2,01%;6,16%;1,10%;1,87%
2006. február;38 milliárd WUD;50 milliárd USD;3 381 milliárd WUD;4 432 milliárd USD;6 747 milliárd USD;24 milliárd USD;0,96%;4,50%;2,06%;6,38%;1,10%;1,89%
2006. március;29 milliárd WUD;37 milliárd USD;3 410 milliárd WUD;4 288 milliárd USD;6 761 milliárd USD;14 milliárd USD;0,99%;4,63%;2,24%;6,48%;1,25%;1,84%
2006. április;76 milliárd WUD;100 milliárd USD;3 486 milliárd WUD;4 580 milliárd USD;6 799 milliárd USD;37 milliárd USD;0,97%;4,76%;2,22%;6,65%;1,25%;1,88%
2006. május;30 milliárd WUD;40 milliárd USD;3 516 milliárd WUD;4 642 milliárd USD;6 805 milliárd USD;7 milliárd USD;0,98%;4,92%;2,33%;6,79%;1,35%;1,86%
2006. június;76 milliárd WUD;96 milliárd USD;3 592 milliárd WUD;4 551 milliárd USD;6 843 milliárd USD;38 milliárd USD;1,02%;4,96%;2,37%;6,88%;1,35%;1,92%
2006. július;26 milliárd WUD;33 milliárd USD;3 618 milliárd WUD;4 679 milliárd USD;6 885 milliárd USD;41 milliárd USD;1,20%;5,29%;2,55%;7,02%;1,35%;1,74%
2006. augusztus;67 milliárd WUD;89 milliárd USD;3 685 milliárd WUD;4 901 milliárd USD;6 915 milliárd USD;31 milliárd USD;1,16%;5,21%;2,61%;6,87%;1,45%;1,65%
2006. szeptember;17 milliárd WUD;23 milliárd USD;3 702 milliárd WUD;4 985 milliárd USD;6 943 milliárd USD;27 milliárd USD;1,33%;5,28%;2,88%;6,82%;1,55%;1,54%
2006. október;26 milliárd WUD;34 milliárd USD;3 728 milliárd WUD;4 858 milliárd USD;6 992 milliárd USD;49 milliárd USD;1,25%;5,25%;2,90%;6,80%;1,65%;1,56%
2006. november;24 milliárd WUD;33 milliárd USD;3 752 milliárd WUD;5 177 milliárd USD;7 027 milliárd USD;35 milliárd USD;1,32%;5,22%;2,97%;6,73%;1,65%;1,51%
2006. december;23 milliárd WUD;30 milliárd USD;3 775 milliárd WUD;4 969 milliárd USD;7 070 milliárd USD;43 milliárd USD;1,43%;5,27%;3,23%;6,71%;1,80%;1,45%
2007;53 milliárd WUD;68 milliárd USD;3 828 milliárd WUD;4 949 milliárd USD;7 107 milliárd USD;38 milliárd USD;1,42%;5,22%;3,22%;6,79%;1,80%;1,56%
2007. február;21 milliárd WUD;27 milliárd USD;3 848 milliárd WUD;5 002 milliárd USD;7 123 milliárd USD;16 milliárd USD;1,44%;5,25%;3,34%;6,76%;1,90%;1,52%
2007. március;20 milliárd WUD;27 milliárd USD;3 868 milliárd WUD;5 209 milliárd USD;7 157 milliárd USD;34 milliárd USD;1,51%;5,22%;3,46%;6,67%;1,95%;1,45%
2007. április;70 milliárd WUD;96 milliárd USD;3 938 milliárd WUD;5 409 milliárd USD;7 229 milliárd USD;72 milliárd USD;1,70%;5,25%;3,65%;6,75%;1,95%;1,51%
2007. május;9 milliárd WUD;12 milliárd USD;3 947 milliárd WUD;5 369 milliárd USD;7 243 milliárd USD;14 milliárd USD;1,69%;5,24%;3,79%;6,79%;2,10%;1,56%
2007. június;60 milliárd WUD;83 milliárd USD;4 007 milliárd WUD;5 558 milliárd USD;7 276 milliárd USD;33 milliárd USD;1,76%;5,21%;3,86%;6,97%;2,10%;1,76%
2007. július;9 milliárd WUD;13 milliárd USD;4 016 milliárd WUD;5 638 milliárd USD;7 307 milliárd USD;30 milliárd USD;1,88%;5,24%;3,93%;6,97%;2,05%;1,73%
2007. augusztus;11 milliárd WUD;15 milliárd USD;4 027 milliárd WUD;5 641 milliárd USD;7 383 milliárd USD;76 milliárd USD;1,82%;5,04%;4,22%;6,93%;2,40%;1,89%
2007. szeptember;52 milliárd WUD;74 milliárd USD;4 079 milliárd WUD;5 784 milliárd USD;7 401 milliárd USD;18 milliárd USD;1,77%;4,91%;4,32%;6,75%;2,55%;1,84%
2007. október;47 milliárd WUD;65 milliárd USD;4 126 milliárd WUD;5 715 milliárd USD;7 415 milliárd USD;14 milliárd USD;1,83%;4,74%;4,43%;6,55%;2,60%;1,81%
2007. november;2 milliárd WUD;3 milliárd USD;4 128 milliárd WUD;5 912 milliárd USD;7 440 milliárd USD;25 milliárd USD;1,91%;4,51%;4,52%;6,37%;2,61%;1,87%
2007. december;34 milliárd WUD;50 milliárd USD;4 162 milliárd WUD;6 074 milliárd USD;7 469 milliárd USD;30 milliárd USD;1,96%;4,22%;4,58%;6,28%;2,62%;2,07%
2008;38 milliárd WUD;55 milliárd USD;4 201 milliárd WUD;5 992 milliárd USD;7 503 milliárd USD;34 milliárd USD;2,08%;3,95%;4,66%;5,93%;2,58%;1,98%
2008. február;20 milliárd WUD;29 milliárd USD;4 220 milliárd WUD;6 219 milliárd USD;7 588 milliárd USD;85 milliárd USD;2,06%;2,97%;4,84%;5,41%;2,78%;2,43%
2008. március;6 milliárd WUD;9 milliárd USD;4 227 milliárd WUD;6 174 milliárd USD;7 653 milliárd USD;66 milliárd USD;2,16%;2,66%;5,05%;5,37%;2,89%;2,71%
2008. április;58 milliárd WUD;82 milliárd USD;4 284 milliárd WUD;6 117 milliárd USD;7 696 milliárd USD;43 milliárd USD;2,07%;2,24%;5,06%;5,20%;2,98%;2,97%
2008. május;1 milliárd WUD;2 milliárd USD;4 285 milliárd WUD;6 236 milliárd USD;7 708 milliárd USD;12 milliárd USD;2,18%;2,00%;5,17%;5,15%;2,99%;3,15%
2008. június;3 milliárd WUD;5 milliárd USD;4 289 milliárd WUD;6 315 milliárd USD;7 726 milliárd USD;18 milliárd USD;2,13%;1,96%;5,16%;5,31%;3,04%;3,34%
2008. július;30 milliárd WUD;44 milliárd USD;4 318 milliárd WUD;6 347 milliárd USD;7 772 milliárd USD;46 milliárd USD;2,27%;2,03%;5,27%;5,48%;3,00%;3,45%
2008. augusztus;43 milliárd WUD;64 milliárd USD;4 361 milliárd WUD;6 486 milliárd USD;7 787 milliárd USD;15 milliárd USD;2,30%;2,00%;5,30%;5,48%;3,01%;3,48%
2008. szeptember;41 milliárd WUD;62 milliárd USD;4 402 milliárd WUD;6 580 milliárd USD;7 857 milliárd USD;70 milliárd USD;2,36%;1,78%;5,32%;5,78%;2,96%;4,01%
2008. október;21 milliárd WUD;32 milliárd USD;4 424 milliárd WUD;6 645 milliárd USD;7 963 milliárd USD;107 milliárd USD;2,40%;0,94%;5,47%;6,31%;3,07%;5,37%
2008. november;52 milliárd WUD;75 milliárd USD;4 475 milliárd WUD;6 532 milliárd USD;8 014 milliárd USD;50 milliárd USD;2,51%;0,38%;5,59%;5,80%;3,08%;5,42%
2008. december;17 milliárd WUD;26 milliárd USD;4 492 milliárd WUD;6 905 milliárd USD;8 190 milliárd USD;176 milliárd USD;2,67%;0,18%;5,67%;5,24%;3,00%;5,06%
2009;20 milliárd WUD;29 milliárd USD;4 512 milliárd WUD;6 609 milliárd USD;8 271 milliárd USD;82 milliárd USD;2,68%;0,12%;5,54%;4,53%;2,86%;4,41%
2009. február;82 milliárd WUD;121 milliárd USD;4 594 milliárd WUD;6 764 milliárd USD;8 301 milliárd USD;29 milliárd USD;2,76%;0,19%;5,53%;4,67%;2,76%;4,48%
2009. március;5 milliárd WUD;8 milliárd USD;4 599 milliárd WUD;6 807 milliárd USD;8 367 milliárd USD;66 milliárd USD;2,86%;0,16%;5,66%;4,98%;2,80%;4,82%
2009. április;32 milliárd WUD;49 milliárd USD;4 631 milliárd WUD;7 121 milliárd USD;8 370 milliárd USD;3 milliárd USD;2,85%;0,17%;5,85%;4,68%;3,00%;4,51%
2009. május;32 milliárd WUD;51 milliárd USD;4 663 milliárd WUD;7 393 milliárd USD;8 428 milliárd USD;58 milliárd USD;2,82%;0,22%;5,91%;4,37%;3,09%;4,16%
2009. június;49 milliárd WUD;77 milliárd USD;4 712 milliárd WUD;7 414 milliárd USD;8 437 milliárd USD;10 milliárd USD;2,73%;0,25%;5,95%;4,23%;3,22%;3,98%
2009. július;2 milliárd WUD;3 milliárd USD;4 714 milliárd WUD;7 123 milliárd USD;8 442 milliárd USD;5 milliárd USD;2,66%;0,12%;5,89%;3,91%;3,22%;3,79%
2009. augusztus;62 milliárd WUD;94 milliárd USD;4 777 milliárd WUD;7 255 milliárd USD;8 442 milliárd USD;-0 milliárd USD;2,69%;0,20%;6,03%;3,78%;3,34%;3,58%
2009. szeptember;18 milliárd WUD;28 milliárd USD;4 794 milliárd WUD;7 703 milliárd USD;8 441 milliárd USD;-1 milliárd USD;2,67%;0,17%;6,05%;3,60%;3,38%;3,43%
2009. október;18 milliárd WUD;29 milliárd USD;4 812 milliárd WUD;7 674 milliárd USD;8 468 milliárd USD;27 milliárd USD;2,64%;0,15%;6,10%;3,57%;3,47%;3,42%
2009. november;42 milliárd WUD;66 milliárd USD;4 854 milliárd WUD;7 682 milliárd USD;8 498 milliárd USD;30 milliárd USD;2,74%;0,17%;6,08%;3,48%;3,34%;3,32%
2009. december;47 milliárd WUD;75 milliárd USD;4 900 milliárd WUD;7 892 milliárd USD;8 493 milliárd USD;-5 milliárd USD;2,71%;0,08%;6,01%;3,45%;3,30%;3,37%
2010;21 milliárd WUD;32 milliárd USD;4 921 milliárd WUD;7 670 milliárd USD;8 455 milliárd USD;-38 milliárd USD;2,67%;0,07%;5,97%;3,44%;3,30%;3,37%
2010. február;27 milliárd WUD;44 milliárd USD;4 948 milliárd WUD;7 999 milliárd USD;8 505 milliárd USD;50 milliárd USD;2,68%;0,15%;6,10%;3,50%;3,42%;3,34%
2010. március;72 milliárd WUD;114 milliárd USD;5 020 milliárd WUD;7 956 milliárd USD;8 502 milliárd USD;-3 milliárd USD;2,63%;0,18%;6,26%;3,48%;3,63%;3,30%
2010. április;4 milliárd WUD;7 milliárd USD;5 024 milliárd WUD;8 054 milliárd USD;8 533 milliárd USD;31 milliárd USD;2,68%;0,23%;6,23%;3,49%;3,54%;3,25%
2010. május;28 milliárd WUD;46 milliárd USD;5 052 milliárd WUD;8 393 milliárd USD;8 588 milliárd USD;55 milliárd USD;2,71%;0,21%;6,25%;3,45%;3,54%;3,23%
2010. június;65 milliárd WUD;105 milliárd USD;5 118 milliárd WUD;8 185 milliárd USD;8 607 milliárd USD;19 milliárd USD;2,75%;0,19%;6,17%;3,43%;3,41%;3,24%
2010. július;21 milliárd WUD;35 milliárd USD;5 139 milliárd WUD;8 314 milliárd USD;8 616 milliárd USD;10 milliárd USD;2,81%;0,21%;6,14%;3,25%;3,33%;3,05%
2010. augusztus;42 milliárd WUD;68 milliárd USD;5 181 milliárd WUD;8 373 milliárd USD;8 667 milliárd USD;50 milliárd USD;2,76%;0,21%;6,02%;3,08%;3,25%;2,86%
2010. szeptember;1 milliárd WUD;1 milliárd USD;5 181 milliárd WUD;8 728 milliárd USD;8 698 milliárd USD;31 milliárd USD;2,74%;0,18%;5,95%;3,05%;3,22%;2,86%
2010. október;20 milliárd WUD;33 milliárd USD;5 202 milliárd WUD;8 598 milliárd USD;8 747 milliárd USD;49 milliárd USD;2,66%;0,14%;5,80%;2,91%;3,14%;2,76%
2010. november;75 milliárd WUD;124 milliárd USD;5 276 milliárd WUD;8 766 milliárd USD;8 768 milliárd USD;21 milliárd USD;2,65%;0,23%;5,91%;3,02%;3,27%;2,80%
2010. december;15 milliárd WUD;27 milliárd USD;5 292 milliárd WUD;9 259 milliárd USD;8 799 milliárd USD;32 milliárd USD;2,62%;0,14%;5,85%;3,26%;3,23%;3,13%
2011;58 milliárd WUD;98 milliárd USD;5 349 milliárd WUD;9 085 milliárd USD;8 820 milliárd USD;21 milliárd USD;2,68%;0,15%;5,87%;3,24%;3,18%;3,09%
2011. február;38 milliárd WUD;64 milliárd USD;5 387 milliárd WUD;9 034 milliárd USD;8 884 milliárd USD;64 milliárd USD;2,62%;0,18%;5,93%;3,33%;3,31%;3,15%
2011. március;52 milliárd WUD;90 milliárd USD;5 439 milliárd WUD;9 494 milliárd USD;8 941 milliárd USD;56 milliárd USD;2,49%;0,11%;5,90%;3,24%;3,40%;3,12%
2011. április;21 milliárd WUD;37 milliárd USD;5 460 milliárd WUD;9 360 milliárd USD;9 002 milliárd USD;62 milliárd USD;2,48%;0,11%;5,97%;3,26%;3,48%;3,16%
2011. május;6 milliárd WUD;11 milliárd USD;5 466 milliárd WUD;9 637 milliárd USD;9 073 milliárd USD;71 milliárd USD;2,48%;0,10%;6,01%;3,13%;3,52%;3,03%
2011. június;62 milliárd WUD;109 milliárd USD;5 528 milliárd WUD;9 739 milliárd USD;9 148 milliárd USD;76 milliárd USD;2,47%;0,09%;6,00%;3,10%;3,53%;3,01%
2011. július;30 milliárd WUD;54 milliárd USD;5 558 milliárd WUD;10 063 milliárd USD;9 314 milliárd USD;165 milliárd USD;2,40%;0,04%;5,94%;3,08%;3,53%;3,05%
2011. augusztus;3 milliárd WUD;4 milliárd USD;5 560 milliárd WUD;9 727 milliárd USD;9 505 milliárd USD;191 milliárd USD;2,39%;0,11%;5,89%;3,09%;3,49%;2,98%
2011. szeptember;63 milliárd WUD;110 milliárd USD;5 623 milliárd WUD;9 831 milliárd USD;9 526 milliárd USD;21 milliárd USD;2,38%;0,07%;5,91%;3,12%;3,54%;3,04%
2011. október;25 milliárd WUD;44 milliárd USD;5 648 milliárd WUD;9 869 milliárd USD;9 560 milliárd USD;34 milliárd USD;2,46%;0,10%;5,95%;3,19%;3,49%;3,09%
2011. november;49 milliárd WUD;91 milliárd USD;5 698 milliárd WUD;10 519 milliárd USD;9 610 milliárd USD;51 milliárd USD;2,40%;0,05%;5,86%;3,08%;3,45%;3,02%
2011. december;3 milliárd WUD;6 milliárd USD;5 701 milliárd WUD;10 520 milliárd USD;9 658 milliárd USD;48 milliárd USD;2,53%;0,08%;5,85%;3,12%;3,32%;3,05%
2012;62 milliárd WUD;111 milliárd USD;5 763 milliárd WUD;10 340 milliárd USD;9 732 milliárd USD;74 milliárd USD;2,52%;0,08%;5,76%;3,00%;3,24%;2,91%
2012. február;37 milliárd WUD;67 milliárd USD;5 800 milliárd WUD;10 344 milliárd USD;9 789 milliárd USD;58 milliárd USD;2,61%;0,15%;5,84%;2,85%;3,23%;2,70%
2012. március;47 milliárd WUD;87 milliárd USD;5 847 milliárd WUD;10 774 milliárd USD;9 837 milliárd USD;48 milliárd USD;2,65%;0,17%;5,79%;2,86%;3,15%;2,69%
2012. április;1 milliárd WUD;1 milliárd USD;5 848 milliárd WUD;10 829 milliárd USD;9 890 milliárd USD;53 milliárd USD;2,57%;0,14%;5,76%;2,81%;3,19%;2,66%
2012. május;34 milliárd WUD;63 milliárd USD;5 882 milliárd WUD;10 829 milliárd USD;9 935 milliárd USD;45 milliárd USD;2,64%;0,19%;5,79%;2,83%;3,15%;2,63%
2012. június;53 milliárd WUD;96 milliárd USD;5 935 milliárd WUD;10 803 milliárd USD;9 998 milliárd USD;64 milliárd USD;2,72%;0,18%;5,82%;2,80%;3,10%;2,61%
2012. július;62 milliárd WUD;117 milliárd USD;5 996 milliárd WUD;11 391 milliárd USD;10 055 milliárd USD;57 milliárd USD;2,79%;0,16%;5,84%;2,53%;3,05%;2,37%
2012. augusztus;13 milliárd WUD;25 milliárd USD;6 009 milliárd WUD;11 473 milliárd USD;10 115 milliárd USD;60 milliárd USD;2,70%;0,13%;5,80%;2,49%;3,10%;2,37%
2012. szeptember;68 milliárd WUD;131 milliárd USD;6 077 milliárd WUD;11 720 milliárd USD;10 193 milliárd USD;78 milliárd USD;2,68%;0,17%;5,90%;2,45%;3,22%;2,28%
2012. október;39 milliárd WUD;73 milliárd USD;6 116 milliárd WUD;11 451 milliárd USD;10 257 milliárd USD;63 milliárd USD;2,49%;0,13%;5,81%;2,37%;3,32%;2,24%
2012. november;46 milliárd WUD;88 milliárd USD;6 163 milliárd WUD;11 747 milliárd USD;10 320 milliárd USD;63 milliárd USD;2,49%;0,18%;5,81%;2,38%;3,32%;2,21%
2012. december;39 milliárd WUD;75 milliárd USD;6 202 milliárd WUD;11 783 milliárd USD;10 452 milliárd USD;132 milliárd USD;2,35%;0,18%;5,73%;2,40%;3,38%;2,23%
2013;7 milliárd WUD;13 milliárd USD;6 209 milliárd WUD;11 820 milliárd USD;10 477 milliárd USD;26 milliárd USD;2,34%;0,19%;5,72%;2,45%;3,38%;2,27%
2013. február;61 milliárd WUD;113 milliárd USD;6 270 milliárd WUD;11 646 milliárd USD;10 489 milliárd USD;12 milliárd USD;2,31%;0,17%;5,70%;2,46%;3,38%;2,29%
2013. március;55 milliárd WUD;104 milliárd USD;6 325 milliárd WUD;12 025 milliárd USD;10 556 milliárd USD;67 milliárd USD;2,31%;0,10%;5,61%;2,42%;3,30%;2,31%
2013. április;19 milliárd WUD;36 milliárd USD;6 344 milliárd WUD;11 959 milliárd USD;10 590 milliárd USD;35 milliárd USD;2,21%;0,10%;5,56%;2,36%;3,35%;2,26%
2013. május;64 milliárd WUD;126 milliárd USD;6 408 milliárd WUD;12 617 milliárd USD;10 630 milliárd USD;40 milliárd USD;2,22%;0,13%;5,65%;2,44%;3,43%;2,32%
2013. június;28 milliárd WUD;55 milliárd USD;6 436 milliárd WUD;12 504 milliárd USD;10 683 milliárd USD;52 milliárd USD;2,20%;0,14%;5,68%;2,70%;3,48%;2,56%
2013. július;29 milliárd WUD;57 milliárd USD;6 465 milliárd WUD;12 586 milliárd USD;10 729 milliárd USD;46 milliárd USD;2,18%;0,11%;5,70%;2,79%;3,52%;2,68%
2013. augusztus;34 milliárd WUD;67 milliárd USD;6 499 milliárd WUD;12 872 milliárd USD;10 784 milliárd USD;55 milliárd USD;2,29%;0,12%;5,71%;2,85%;3,43%;2,73%
2013. szeptember;40 milliárd WUD;79 milliárd USD;6 539 milliárd WUD;12 911 milliárd USD;10 835 milliárd USD;52 milliárd USD;2,22%;0,04%;5,69%;2,86%;3,47%;2,81%
2013. október;47 milliárd WUD;93 milliárd USD;6 586 milliárd WUD;12 964 milliárd USD;10 949 milliárd USD;113 milliárd USD;2,32%;0,06%;5,66%;2,73%;3,34%;2,67%
2013. november;35 milliárd WUD;67 milliárd USD;6 621 milliárd WUD;12 727 milliárd USD;10 954 milliárd USD;5 milliárd USD;2,42%;0,12%;5,75%;2,75%;3,33%;2,63%
2013. december;76 milliárd WUD;146 milliárd USD;6 697 milliárd WUD;12 899 milliárd USD;11 020 milliárd USD;66 milliárd USD;2,36%;0,11%;5,77%;2,79%;3,42%;2,69%
2014;18 milliárd WUD;35 milliárd USD;6 715 milliárd WUD;13 094 milliárd USD;11 077 milliárd USD;56 milliárd USD;2,45%;0,09%;5,78%;2,78%;3,33%;2,69%
2014. február;64 milliárd WUD;125 milliárd USD;6 779 milliárd WUD;13 180 milliárd USD;11 169 milliárd USD;93 milliárd USD;2,49%;0,04%;5,74%;2,70%;3,24%;2,66%
2014. március;7 milliárd WUD;14 milliárd USD;6 786 milliárd WUD;13 358 milliárd USD;11 208 milliárd USD;38 milliárd USD;2,69%;0,12%;5,83%;2,77%;3,14%;2,66%
2014. április;59 milliárd WUD;115 milliárd USD;6 845 milliárd WUD;13 501 milliárd USD;11 260 milliárd USD;52 milliárd USD;2,72%;0,12%;5,82%;2,77%;3,10%;2,66%
2014. május;37 milliárd WUD;72 milliárd USD;6 882 milliárd WUD;13 465 milliárd USD;11 326 milliárd USD;67 milliárd USD;2,70%;0,04%;5,72%;2,68%;3,02%;2,64%
2014. június;41 milliárd WUD;81 milliárd USD;6 922 milliárd WUD;13 781 milliárd USD;11 377 milliárd USD;51 milliárd USD;2,73%;0,09%;5,79%;2,73%;3,06%;2,64%
2014. július;77 milliárd WUD;151 milliárd USD;6 999 milliárd WUD;13 754 milliárd USD;11 434 milliárd USD;57 milliárd USD;2,83%;0,14%;5,88%;2,76%;3,05%;2,63%
2014. augusztus;22 milliárd WUD;43 milliárd USD;7 021 milliárd WUD;13 616 milliárd USD;11 463 milliárd USD;29 milliárd USD;2,85%;0,11%;5,85%;2,72%;3,00%;2,62%
2014. szeptember;61 milliárd WUD;118 milliárd USD;7 082 milliárd WUD;13 693 milliárd USD;11 497 milliárd USD;34 milliárd USD;2,88%;0,09%;5,88%;2,81%;3,00%;2,72%
2014. október;38 milliárd WUD;73 milliárd USD;7 120 milliárd WUD;13 866 milliárd USD;11 559 milliárd USD;62 milliárd USD;2,78%;0,13%;5,91%;2,75%;3,13%;2,62%
2014. november;41 milliárd WUD;81 milliárd USD;7 161 milliárd WUD;14 190 milliárd USD;11 595 milliárd USD;36 milliárd USD;2,68%;0,07%;5,90%;2,78%;3,22%;2,71%
2014. december;54 milliárd WUD;109 milliárd USD;7 214 milliárd WUD;14 615 milliárd USD;11 674 milliárd USD;79 milliárd USD;2,69%;0,10%;5,91%;2,79%;3,22%;2,68%
2015;35 milliárd WUD;70 milliárd USD;7 249 milliárd WUD;14 498 milliárd USD;11 744 milliárd USD;70 milliárd USD;2,73%;0,10%;5,87%;2,66%;3,14%;2,56%
2015. február;59 milliárd WUD;116 milliárd USD;7 308 milliárd WUD;14 427 milliárd USD;11 872 milliárd USD;128 milliárd USD;2,62%;0,07%;5,85%;2,66%;3,23%;2,58%
2015. március;41 milliárd WUD;83 milliárd USD;7 349 milliárd WUD;14 906 milliárd USD;11 888 milliárd USD;16 milliárd USD;2,63%;0,09%;5,86%;2,68%;3,23%;2,60%
2015. április;11 milliárd WUD;22 milliárd USD;7 360 milliárd WUD;15 033 milliárd USD;11 928 milliárd USD;40 milliárd USD;2,65%;0,16%;5,96%;2,64%;3,31%;2,47%
2015. május;16 milliárd WUD;32 milliárd USD;7 376 milliárd WUD;14 654 milliárd USD;11 958 milliárd USD;30 milliárd USD;2,59%;0,15%;5,94%;2,74%;3,35%;2,58%
2015. június;50 milliárd WUD;99 milliárd USD;7 426 milliárd WUD;14 636 milliárd USD;12 003 milliárd USD;45 milliárd USD;2,55%;0,11%;5,90%;2,85%;3,36%;2,74%
2015. július;2 milliárd WUD;5 milliárd USD;7 429 milliárd WUD;14 894 milliárd USD;12 052 milliárd USD;49 milliárd USD;2,56%;0,13%;5,92%;2,87%;3,36%;2,75%
2015. augusztus;30 milliárd WUD;61 milliárd USD;7 458 milliárd WUD;15 135 milliárd USD;12 101 milliárd USD;49 milliárd USD;2,57%;0,15%;5,89%;2,89%;3,31%;2,73%
2015. szeptember;34 milliárd WUD;68 milliárd USD;7 492 milliárd WUD;15 010 milliárd USD;12 155 milliárd USD;54 milliárd USD;2,64%;0,17%;5,95%;2,88%;3,31%;2,71%
2015. október;30 milliárd WUD;60 milliárd USD;7 522 milliárd WUD;15 101 milliárd USD;12 193 milliárd USD;38 milliárd USD;2,61%;0,07%;5,88%;2,79%;3,27%;2,71%
2015. november;27 milliárd WUD;55 milliárd USD;7 549 milliárd WUD;15 638 milliárd USD;12 277 milliárd USD;85 milliárd USD;2,64%;0,10%;5,95%;2,88%;3,31%;2,77%
2015. december;34 milliárd WUD;71 milliárd USD;7 583 milliárd WUD;15 666 milliárd USD;12 340 milliárd USD;63 milliárd USD;2,69%;0,23%;5,99%;2,93%;3,30%;2,69%
2016;59 milliárd WUD;121 milliárd USD;7 642 milliárd WUD;15 666 milliárd USD;12 471 milliárd USD;131 milliárd USD;2,67%;0,31%;5,94%;2,92%;3,26%;2,61%
2016. február;20 milliárd WUD;40 milliárd USD;7 662 milliárd WUD;15 738 milliárd USD;12 552 milliárd USD;81 milliárd USD;2,71%;0,34%;5,93%;2,84%;3,22%;2,49%
2016. március;46 milliárd WUD;94 milliárd USD;7 708 milliárd WUD;15 711 milliárd USD;12 617 milliárd USD;64 milliárd USD;2,75%;0,37%;5,93%;2,82%;3,17%;2,45%
2016. április;8 milliárd WUD;16 milliárd USD;7 715 milliárd WUD;15 836 milliárd USD;12 697 milliárd USD;80 milliárd USD;2,75%;0,38%;5,89%;2,67%;3,13%;2,29%
2016. május;25 milliárd WUD;51 milliárd USD;7 740 milliárd WUD;15 842 milliárd USD;12 764 milliárd USD;67 milliárd USD;2,81%;0,39%;5,93%;2,69%;3,13%;2,30%
2016. június;10 milliárd WUD;21 milliárd USD;7 750 milliárd WUD;16 050 milliárd USD;12 831 milliárd USD;67 milliárd USD;2,75%;0,34%;5,89%;2,59%;3,13%;2,25%
2016. július;13 milliárd WUD;27 milliárd USD;7 763 milliárd WUD;16 496 milliárd USD;12 889 milliárd USD;59 milliárd USD;2,73%;0,37%;5,95%;2,51%;3,22%;2,14%
2016. augusztus;25 milliárd WUD;52 milliárd USD;7 788 milliárd WUD;16 504 milliárd USD;12 968 milliárd USD;79 milliárd USD;2,77%;0,42%;5,94%;2,52%;3,17%;2,10%
2016. szeptember;15 milliárd WUD;31 milliárd USD;7 802 milliárd WUD;16 411 milliárd USD;13 027 milliárd USD;59 milliárd USD;2,75%;0,35%;5,88%;2,52%;3,13%;2,17%
2016. október;48 milliárd WUD;99 milliárd USD;7 851 milliárd WUD;16 231 milliárd USD;13 100 milliárd USD;72 milliárd USD;2,78%;0,39%;5,91%;2,58%;3,13%;2,20%
2016. november;14 milliárd WUD;30 milliárd USD;7 865 milliárd WUD;16 451 milliárd USD;13 174 milliárd USD;74 milliárd USD;2,86%;0,43%;5,90%;2,80%;3,04%;2,37%
2016. december;32 milliárd WUD;67 milliárd USD;7 896 milliárd WUD;16 866 milliárd USD;13 214 milliárd USD;40 milliárd USD;2,86%;0,56%;5,90%;3,05%;3,04%;2,49%
2017;47 milliárd WUD;97 milliárd USD;7 943 milliárd WUD;16 443 milliárd USD;13 289 milliárd USD;75 milliárd USD;2,80%;0,66%;5,89%;3,04%;3,09%;2,38%
2017. február;24 milliárd WUD;50 milliárd USD;7 968 milliárd WUD;16 367 milliárd USD;13 359 milliárd USD;71 milliárd USD;2,75%;0,62%;5,88%;2,99%;3,13%;2,37%
2017. március;59 milliárd WUD;123 milliárd USD;8 026 milliárd WUD;16 762 milliárd USD;13 429 milliárd USD;69 milliárd USD;2,85%;0,81%;5,93%;3,10%;3,08%;2,29%
2017. április;25 milliárd WUD;51 milliárd USD;8 051 milliárd WUD;16 847 milliárd USD;13 487 milliárd USD;58 milliárd USD;2,87%;0,94%;5,95%;3,02%;3,08%;2,08%
2017. május;12 milliárd WUD;26 milliárd USD;8 063 milliárd WUD;17 228 milliárd USD;13 537 milliárd USD;51 milliárd USD;2,91%;0,95%;5,95%;2,99%;3,04%;2,04%
2017. június;43 milliárd WUD;90 milliárd USD;8 106 milliárd WUD;17 030 milliárd USD;13 565 milliárd USD;27 milliárd USD;2,87%;1,08%;5,99%;2,97%;3,12%;1,88%
2017. július;39 milliárd WUD;82 milliárd USD;8 145 milliárd WUD;17 226 milliárd USD;13 622 milliárd USD;57 milliárd USD;2,88%;1,19%;6,00%;3,02%;3,12%;1,83%
2017. augusztus;49 milliárd WUD;105 milliárd USD;8 194 milliárd WUD;17 528 milliárd USD;13 671 milliárd USD;50 milliárd USD;2,88%;1,16%;5,92%;2,94%;3,04%;1,78%
2017. szeptember;26 milliárd WUD;56 milliárd USD;8 220 milliárd WUD;17 455 milliárd USD;13 714 milliárd USD;43 milliárd USD;2,83%;1,15%;5,92%;2,94%;3,09%;1,79%
2017. október;12 milliárd WUD;25 milliárd USD;8 232 milliárd WUD;17 349 milliárd USD;13 768 milliárd USD;53 milliárd USD;2,83%;1,19%;5,99%;2,99%;3,17%;1,80%
2017. november;17 milliárd WUD;36 milliárd USD;8 249 milliárd WUD;17 584 milliárd USD;13 802 milliárd USD;35 milliárd USD;2,82%;1,14%;5,99%;3,03%;3,17%;1,89%
2017. december;25 milliárd WUD;51 milliárd USD;8 274 milliárd WUD;17 340 milliárd USD;13 855 milliárd USD;52 milliárd USD;2,87%;1,34%;6,07%;3,15%;3,20%;1,80%
2018;70 milliárd WUD;152 milliárd USD;8 344 milliárd WUD;18 023 milliárd USD;13 872 milliárd USD;17 milliárd USD;2,89%;1,42%;6,01%;3,27%;3,12%;1,85%
2018. február;25 milliárd WUD;56 milliárd USD;8 369 milliárd WUD;18 598 milliárd USD;13 914 milliárd USD;43 milliárd USD;2,77%;1,79%;6,00%;3,42%;3,23%;1,63%
2018. március;10 milliárd WUD;22 milliárd USD;8 379 milliárd WUD;18 597 milliárd USD;13 971 milliárd USD;57 milliárd USD;2,66%;1,92%;5,92%;3,55%;3,27%;1,63%
2018. április;8 milliárd WUD;17 milliárd USD;8 387 milliárd WUD;18 155 milliárd USD;14 001 milliárd USD;30 milliárd USD;2,62%;1,98%;5,84%;3,61%;3,22%;1,63%
2018. május;15 milliárd WUD;33 milliárd USD;8 402 milliárd WUD;18 286 milliárd USD;14 066 milliárd USD;65 milliárd USD;2,55%;2,07%;5,82%;3,72%;3,28%;1,65%
2018. június;20 milliárd WUD;44 milliárd USD;8 422 milliárd WUD;18 429 milliárd USD;14 126 milliárd USD;60 milliárd USD;2,49%;2,11%;5,69%;3,71%;3,20%;1,60%
2018. július;11 milliárd WUD;24 milliárd USD;8 433 milliárd WUD;18 042 milliárd USD;14 156 milliárd USD;30 milliárd USD;2,36%;2,17%;5,28%;3,67%;2,92%;1,50%
2018. augusztus;6 milliárd WUD;13 milliárd USD;8 439 milliárd WUD;18 350 milliárd USD;14 198 milliárd USD;43 milliárd USD;2,23%;2,24%;5,36%;3,61%;3,13%;1,37%
2018. szeptember;17 milliárd WUD;37 milliárd USD;8 456 milliárd WUD;18 161 milliárd USD;14 229 milliárd USD;31 milliárd USD;2,25%;2,34%;5,20%;3,70%;2,95%;1,36%
2018. október;14 milliárd WUD;30 milliárd USD;8 470 milliárd WUD;18 287 milliárd USD;14 236 milliárd USD;7 milliárd USD;2,14%;2,46%;5,02%;3,85%;2,88%;1,39%
2018. november;22 milliárd WUD;49 milliárd USD;8 492 milliárd WUD;18 838 milliárd USD;14 255 milliárd USD;19 milliárd USD;2,11%;2,52%;5,00%;3,90%;2,89%;1,38%
2018. december;12 milliárd WUD;26 milliárd USD;8 504 milliárd WUD;18 669 milliárd USD;14 374 milliárd USD;119 milliárd USD;1,99%;2,54%;4,94%;3,75%;2,96%;1,21%
2019;8 milliárd WUD;18 milliárd USD;8 512 milliárd WUD;18 785 milliárd USD;14 443 milliárd USD;69 milliárd USD;1,86%;2,51%;4,98%;3,55%;3,12%;1,04%
2019. február;17 milliárd WUD;38 milliárd USD;8 529 milliárd WUD;18 920 milliárd USD;14 486 milliárd USD;43 milliárd USD;1,80%;2,50%;4,88%;3,31%;3,08%;0,81%
2019. március;4 milliárd WUD;9 milliárd USD;8 533 milliárd WUD;18 408 milliárd USD;14 533 milliárd USD;47 milliárd USD;1,76%;2,51%;4,64%;3,15%;2,88%;0,64%
2019. április;12 milliárd WUD;26 milliárd USD;8 545 milliárd WUD;18 722 milliárd USD;14 569 milliárd USD;35 milliárd USD;1,66%;2,46%;4,56%;3,05%;2,90%;0,59%
2019. május;23 milliárd WUD;51 milliárd USD;8 568 milliárd WUD;18 869 milliárd USD;14 668 milliárd USD;100 milliárd USD;1,44%;2,42%;4,51%;2,97%;3,07%;0,55%
2019. június;16 milliárd WUD;36 milliárd USD;8 584 milliárd WUD;19 437 milliárd USD;14 787 milliárd USD;119 milliárd USD;1,35%;2,17%;3,92%;2,64%;2,57%;0,47%
2019. július;11 milliárd WUD;24 milliárd USD;8 595 milliárd WUD;19 004 milliárd USD;14 858 milliárd USD;71 milliárd USD;1,26%;2,08%;4,08%;2,52%;2,82%;0,44%
2019. augusztus;6 milliárd WUD;13 milliárd USD;8 601 milliárd WUD;19 113 milliárd USD;14 935 milliárd USD;77 milliárd USD;1,24%;1,93%;4,10%;2,25%;2,85%;0,32%
2019. szeptember;14 milliárd WUD;31 milliárd USD;8 615 milliárd WUD;19 029 milliárd USD;15 026 milliárd USD;92 milliárd USD;1,22%;1,89%;4,15%;2,30%;2,93%;0,41%
2019. október;5 milliárd WUD;11 milliárd USD;8 620 milliárd WUD;19 274 milliárd USD;15 153 milliárd USD;126 milliárd USD;1,17%;1,67%;4,10%;2,20%;2,93%;0,53%
2019. november;5 milliárd WUD;11 milliárd USD;8 625 milliárd WUD;18 975 milliárd USD;15 251 milliárd USD;98 milliárd USD;1,16%;1,59%;4,12%;2,25%;2,96%;0,66%
2019. december;12 milliárd WUD;27 milliárd USD;8 637 milliárd WUD;19 409 milliárd USD;15 326 milliárd USD;75 milliárd USD;1,08%;1,58%;4,12%;2,22%;3,04%;0,64%
2020;3 milliárd WUD;7 milliárd USD;8 640 milliárd WUD;19 104 milliárd USD;15 407 milliárd USD;81 milliárd USD;1,04%;1,57%;4,08%;2,08%;3,05%;0,51%
2020. február;2 milliárd WUD;4 milliárd USD;8 642 milliárd WUD;19 204 milliárd USD;15 470 milliárd USD;64 milliárd USD;0,99%;1,51%;4,00%;1,85%;3,01%;0,34%
2020. március;4 milliárd WUD;9 milliárd USD;8 646 milliárd WUD;19 021 milliárd USD;16 011 milliárd USD;541 milliárd USD;0,99%;0,30%;3,94%;2,31%;2,95%;2,01%
2020. április;2 milliárd WUD;4 milliárd USD;8 648 milliárd WUD;18 911 milliárd USD;16 439 milliárd USD;428 milliárd USD;0,95%;0,17%;3,84%;1,77%;2,90%;1,60%
2020. május;5 milliárd WUD;11 milliárd USD;8 653 milliárd WUD;19 325 milliárd USD;16 989 milliárd USD;550 milliárd USD;0,90%;0,15%;3,80%;1,42%;2,90%;1,27%
2020. június;2 milliárd WUD;4 milliárd USD;8 655 milliárd WUD;19 449 milliárd USD;17 476 milliárd USD;487 milliárd USD;0,90%;0,18%;3,68%;1,05%;2,78%;0,87%
2020. július;3 milliárd WUD;7 milliárd USD;8 658 milliárd WUD;20 305 milliárd USD;17 816 milliárd USD;341 milliárd USD;0,86%;0,14%;3,60%;0,89%;2,75%;0,75%
2020. augusztus;4 milliárd WUD;9 milliárd USD;8 662 milliárd WUD;20 455 milliárd USD;18 378 milliárd USD;562 milliárd USD;0,81%;0,12%;3,36%;0,79%;2,55%;0,67%
2020. szeptember;3 milliárd WUD;7 milliárd USD;8 665 milliárd WUD;19 776 milliárd USD;18 601 milliárd USD;223 milliárd USD;0,72%;0,11%;3,28%;0,80%;2,56%;0,69%
2020. október;2 milliárd WUD;5 milliárd USD;8 667 milliárd WUD;19 679 milliárd USD;18 748 milliárd USD;147 milliárd USD;0,72%;0,11%;3,20%;0,85%;2,48%;0,74%
2020. november;4 milliárd WUD;9 milliárd USD;8 671 milliárd WUD;19 613 milliárd USD;18 959 milliárd USD;211 milliárd USD;0,68%;0,10%;3,20%;0,85%;2,53%;0,75%
2020. december;2 milliárd WUD;5 milliárd USD;8 673 milliárd WUD;19 567 milliárd USD;19 129 milliárd USD;171 milliárd USD;0,77%;0,09%;3,20%;0,84%;2,44%;0,75%
2021;8 milliárd WUD;18 milliárd USD;8 681 milliárd WUD;19 479 milliárd USD;19 388 milliárd USD;259 milliárd USD;0,72%;0,10%;3,12%;0,88%;2,40%;0,78%
2021. február;14 milliárd WUD;31 milliárd USD;8 695 milliárd WUD;19 171 milliárd USD;19 658 milliárd USD;270 milliárd USD;0,72%;0,08%;3,12%;0,97%;2,40%;0,89%
2021. március;16 milliárd WUD;36 milliárd USD;8 711 milliárd WUD;19 416 milliárd USD;19 903 milliárd USD;246 milliárd USD;0,72%;0,06%;3,20%;1,31%;2,48%;1,25%
2021. április;12 milliárd WUD;26 milliárd USD;8 723 milliárd WUD;18 883 milliárd USD;20 156 milliárd USD;253 milliárd USD;0,68%;0,04%;3,28%;1,30%;2,61%;1,26%
2021. május;13 milliárd WUD;29 milliárd USD;8 736 milliárd WUD;19 472 milliárd USD;20 424 milliárd USD;268 milliárd USD;0,72%;0,04%;3,28%;1,24%;2,56%;1,20%
2021. június;17 milliárd WUD;38 milliárd USD;8 753 milliárd WUD;19 641 milliárd USD;20 443 milliárd USD;19 milliárd USD;0,77%;0,04%;3,32%;1,21%;2,56%;1,17%
2021. július;17 milliárd WUD;37 milliárd USD;8 770 milliárd WUD;19 315 milliárd USD;20 592 milliárd USD;149 milliárd USD;0,77%;0,05%;3,32%;1,13%;2,56%;1,08%
2021. augusztus;20 milliárd WUD;44 milliárd USD;8 790 milliárd WUD;19 463 milliárd USD;20 851 milliárd USD;259 milliárd USD;0,81%;0,06%;3,40%;1,17%;2,59%;1,11%
2021. szeptember;15 milliárd WUD;33 milliárd USD;8 805 milliárd WUD;19 601 milliárd USD;21 010 milliárd USD;159 milliárd USD;0,90%;0,06%;3,48%;1,26%;2,58%;1,20%
2021. október;19 milliárd WUD;42 milliárd USD;8 824 milliárd WUD;19 495 milliárd USD;21 164 milliárd USD;153 milliárd USD;0,90%;0,05%;3,60%;1,48%;2,70%;1,43%
2021. november;15 milliárd WUD;34 milliárd USD;8 839 milliárd WUD;20 042 milliárd USD;21 402 milliárd USD;238 milliárd USD;1,08%;0,06%;3,84%;1,60%;2,76%;1,54%
2021. december;17 milliárd WUD;38 milliárd USD;8 856 milliárd WUD;19 926 milliárd USD;21 595 milliárd USD;193 milliárd USD;1,35%;0,10%;4,00%;1,67%;2,65%;1,57%
2022;5 milliárd WUD;11 milliárd USD;8 861 milliárd WUD;20 370 milliárd USD;21 650 milliárd USD;55 milliárd USD;1,35%;0,33%;4,00%;1,98%;2,65%;1,65%
2022. február;7 milliárd WUD;16 milliárd USD;8 868 milliárd WUD;20 658 milliárd USD;21 708 milliárd USD;59 milliárd USD;1,35%;0,64%;4,16%;2,37%;2,81%;1,73%
2022. március;3 milliárd WUD;7 milliárd USD;8 871 milliárd WUD;20 931 milliárd USD;21 740 milliárd USD;31 milliárd USD;1,26%;0,86%;4,00%;2,85%;2,74%;1,99%
2022. április;1 milliárd WUD;3 milliárd USD;8 872 milliárd WUD;23 461 milliárd USD;21 644 milliárd USD;-96 milliárd USD;1,08%;1,26%;3,84%;3,51%;2,76%;2,25%
2022. május;1 milliárd WUD;3 milliárd USD;8 873 milliárd WUD;22 654 milliárd USD;21 649 milliárd USD;5 milliárd USD;1,17%;1,49%;3,76%;3,75%;2,59%;2,26%
2022. június;0 milliárd WUD;0 milliárd USD;8 873 milliárd WUD;22 421 milliárd USD;21 607 milliárd USD;-42 milliárd USD;1,17%;2,17%;3,60%;4,10%;2,43%;1,93%
2022. július;0 milliárd WUD;0 milliárd USD;8 873 milliárd WUD;21 443 milliárd USD;21 636 milliárd USD;29 milliárd USD;1,26%;2,87%;3,60%;3,95%;2,34%;1,08%
2022. augusztus;1 milliárd WUD;2 milliárd USD;8 874 milliárd WUD;20 975 milliárd USD;21 632 milliárd USD;-4 milliárd USD;1,35%;3,15%;3,68%;3,99%;2,33%;0,84%
2022. szeptember;0 milliárd WUD;0 milliárd USD;8 874 milliárd WUD;20 271 milliárd USD;21 503 milliárd USD;-129 milliárd USD;1,49%;3,71%;4,00%;4,69%;2,52%;0,98%
2022. október;2 milliárd WUD;5 milliárd USD;8 876 milliárd WUD;21 213 milliárd USD;21 416 milliárd USD;-88 milliárd USD;1,50%;4,31%;4,20%;5,29%;2,70%;0,98%
2022. november;0 milliárd WUD;0 milliárd USD;8 876 milliárd WUD;21 091 milliárd USD;21 355 milliárd USD;-61 milliárd USD;1,70%;4,61%;4,30%;5,10%;2,60%;0,49%
2022. december;1 milliárd WUD;2 milliárd USD;8 877 milliárd WUD;21 959 milliárd USD;21 207 milliárd USD;-147 milliárd USD;1,80%;4,71%;4,40%;4,76%;2,60%;0,05%
2023;1 milliárd WUD;3 milliárd USD;8 878 milliárd WUD;22 332 milliárd USD;21 208 milliárd USD;0 milliárd USD;1,90%;4,80%;4,50%;4,61%;2,60%;-0,19%
2023. február;3 milliárd WUD;7 milliárd USD;8 881 milliárd WUD;22 049 milliárd USD;21 135 milliárd USD;-73 milliárd USD;2,00%;4,97%;4,50%;4,83%;2,50%;-0,14%
2023. március;2 milliárd WUD;5 milliárd USD;8 883 milliárd WUD;22 176 milliárd USD;20 888 milliárd USD;-247 milliárd USD;2,00%;4,99%;4,60%;4,88%;2,60%;-0,11%
2023. április;4 milliárd WUD;10 milliárd USD;8 887 milliárd WUD;22 116 milliárd USD;20 732 milliárd USD;-156 milliárd USD;1,95%;4,99%;4,55%;4,60%;2,60%;-0,39%
2023. május;0 milliárd WUD;0 milliárd USD;8 887 milliárd WUD;22 953 milliárd USD;20 829 milliárd USD;97 milliárd USD;2,00%;5,27%;4,45%;4,71%;2,45%;-0,56%
2023. június;1 milliárd WUD;2 milliárd USD;8 888 milliárd WUD;22 162 milliárd USD;20 816 milliárd USD;-13 milliárd USD;2,00%;5,42%;4,50%;4,98%;2,50%;-0,44%
2023. július;3 milliárd WUD;7 milliárd USD;8 891 milliárd WUD;21 823 milliárd USD;20 789 milliárd USD;-27 milliárd USD;1,85%;5,53%;4,50%;5,07%;2,65%;-0,46%
2023. augusztus;2 milliárd WUD;5 milliárd USD;8 893 milliárd WUD;22 004 milliárd USD;20 763 milliárd USD;-26 milliárd USD;1,75%;5,54%;4,60%;5,23%;2,85%;-0,31%
2023. szeptember;1 milliárd WUD;3 milliárd USD;8 894 milliárd WUD;22 859 milliárd USD;20 710 milliárd USD;-53 milliárd USD;1,75%;5,51%;4,65%;5,40%;2,90%;-0,11%
2023. október;0 milliárd WUD;0 milliárd USD;8 894 milliárd WUD;23 377 milliárd USD;20 699 milliárd USD;-11 milliárd USD;1,50%;5,57%;4,70%;5,76%;3,20%;0,19%
2023. november;0 milliárd WUD;0 milliárd USD;8 894 milliárd WUD;23 295 milliárd USD;20 725 milliárd USD;26 milliárd USD;1,50%;5,44%;4,60%;5,40%;3,10%;-0,04%
2023. december;1 milliárd WUD;3 milliárd USD;8 895 milliárd WUD;23 110 milliárd USD;20 786 milliárd USD;61 milliárd USD;1,50%;5,34%;4,50%;4,81%;3,00%;-0,53%
2024;0 milliárd WUD;0 milliárd USD;8 895 milliárd WUD;23 632 milliárd USD;20 790 milliárd USD;4 milliárd USD;1,00%;5,21%;4,20%;4,77%;3,20%;-0,44%
2024. február;2 milliárd WUD;5 milliárd USD;8 897 milliárd WUD;23 055 milliárd USD;20 784 milliárd USD;-7 milliárd USD;1,00%;5,28%;4,10%;4,82%;3,10%;-0,46%
2024. március;1 milliárd WUD;2 milliárd USD;8 898 milliárd WUD;21 840 milliárd USD;;-20 784 milliárd USD;1,00%;5,36%;4,00%;4,80%;3,00%;-0,56%
2024. április;1 milliárd WUD;3 milliárd USD;8 899 milliárd WUD;22 622 milliárd USD;;0 milliárd USD;1,00%;;;;-1,00%;0,00%
2024. május;;0 milliárd USD;8 899 milliárd WUD;22 486 milliárd USD;;0 milliárd USD;1,00%;;;;-1,00%;0,00%
2024. június;;0 milliárd USD;8 899 milliárd WUD;22 448 milliárd USD;;0 milliárd USD;1,00%;;;;-1,00%;0,00%
2024. július;;0 milliárd USD;8 899 milliárd WUD;22 635 milliárd USD;;0 milliárd USD;1,00%;;;;-1,00%;0,00%

;2000;2005;2010;2015;2020
o/n;1,4%;0,9%;2,7%;2,7%;1,0%
1 month;2,1%;1,5%;3,3%;3,2%;1,7%
6 months;2,4%;1,8%;4,4%;4,1%;3,4%
1 year;3,0%;2,5%;5,3%;4,6%;4,2%
3 years;3,0%;2,6%;5,6%;5,4%;4,6%
5 years;3,1%;2,8%;6,0%;5,9%;4,8%
10 years;3,6%;3,3%;6,6%;6,1%;5,4%
20 years;3,9%;3,5%;7,1%;6,5%;6,1%
30 years;4,4%;4,1%;7,7%;7,0%;6,4%

;2000;2005;2010;2015;2020
o/n;5,5%;2,3%;0,1%;0,1%;1,6%
1 month;5,9%;2,1%;0,1%;1,0%;1,5%
6 months;6,7%;2,6%;0,2%;0,3%;1,6%
1 year;7,6%;3,0%;1,1%;0,6%;1,6%
3 years;7,8%;3,9%;2,4%;1,5%;1,7%
5 years;8,1%;4,8%;3,4%;2,7%;2,1%
10 years;8,1%;4,9%;3,9%;3,1%;1,9%
20 years;8,1%;5,0%;4,6%;4,1%;2,2%
30 years;8,0%;5,4%;4,7%;4,0%;2,3%

Év vége;Waikiki pénzkibocsátás (USD);USA pénzkibocsátás (USD);Waikiki pénzmennyiség (USD);USA pénzmennyiség (USD);Waikiki pénzkibocsátás (WUD);Waikiki pénzmennyiség (WUD);Waikiki betéti kamat;Waikiki hitel kamat
2000;440 milliárd USD;259 milliárd USD;1 393 milliárd USD;4 925 milliárd USD;482 milliárd WUD;1 482 milliárd WUD;1,44%;3,14%
2001;478 milliárd USD;508 milliárd USD;1 875 milliárd USD;5 433 milliárd USD;491 milliárd WUD;1 974 milliárd WUD;1,92%;4,47%
2002;334 milliárd USD;338 milliárd USD;2 278 milliárd USD;5 771 milliárd USD;328 milliárd WUD;2 301 milliárd WUD;1,59%;4,74%
2003;396 milliárd USD;295 milliárd USD;2 693 milliárd USD;6 066 milliárd USD;365 milliárd WUD;2 666 milliárd WUD;1,59%;4,54%
2004;348 milliárd USD;351 milliárd USD;3 265 milliárd USD;6 417 milliárd USD;302 milliárd WUD;2 968 milliárd WUD;1,06%;3,26%
2005;448 milliárd USD;263 milliárd USD;4 034 milliárd USD;6 680 milliárd USD;366 milliárd WUD;3 334 milliárd WUD;0,87%;2,77%
2006;576 milliárd USD;389 milliárd USD;4 681 milliárd USD;7 070 milliárd USD;441 milliárd WUD;3 775 milliárd WUD;0,91%;2,01%
2007;533 milliárd USD;400 milliárd USD;5 370 milliárd USD;7 469 milliárd USD;388 milliárd WUD;4 162 milliárd WUD;1,42%;3,22%
2008;483 milliárd USD;720 milliárd USD;6 424 milliárd USD;8 190 milliárd USD;330 milliárd WUD;4 492 milliárd WUD;2,08%;4,66%
2009;630 milliárd USD;303 milliárd USD;7 154 milliárd USD;8 493 milliárd USD;408 milliárd WUD;4 900 milliárd WUD;2,68%;5,54%
2010;635 milliárd USD;306 milliárd USD;8 255 milliárd USD;8 799 milliárd USD;391 milliárd WUD;5 292 milliárd WUD;2,67%;5,97%
2011;717 milliárd USD;858 milliárd USD;9 692 milliárd USD;9 658 milliárd USD;409 milliárd WUD;5 701 milliárd WUD;2,68%;5,87%
2012;933 milliárd USD;794 milliárd USD;11 101 milliárd USD;10 452 milliárd USD;501 milliárd WUD;6 202 milliárd WUD;2,52%;5,76%
2013;956 milliárd USD;569 milliárd USD;12 724 milliárd USD;11 020 milliárd USD;495 milliárd WUD;6 697 milliárd WUD;2,34%;5,72%
2014;1 017 milliárd USD;654 milliárd USD;14 068 milliárd USD;11 674 milliárd USD;517 milliárd WUD;7 214 milliárd WUD;2,45%;5,78%
2015;741 milliárd USD;666 milliárd USD;15 166 milliárd USD;12 340 milliárd USD;369 milliárd WUD;7 583 milliárd WUD;2,73%;5,87%
2016;650 milliárd USD;874 milliárd USD;16 188 milliárd USD;13 214 milliárd USD;313 milliárd WUD;7 896 milliárd WUD;2,67%;5,94%
2017;793 milliárd USD;641 milliárd USD;17 126 milliárd USD;13 855 milliárd USD;377 milliárd WUD;8 274 milliárd WUD;2,80%;5,89%
2018;502 milliárd USD;520 milliárd USD;18 368 milliárd USD;14 374 milliárd USD;230 milliárd WUD;8 504 milliárd WUD;2,89%;6,01%
2019;295 milliárd USD;951 milliárd USD;19 088 milliárd USD;15 326 milliárd USD;133 milliárd WUD;8 637 milliárd WUD;1,86%;4,98%
2020;81 milliárd USD;3 804 milliárd USD;19 601 milliárd USD;19 129 milliárd USD;36 milliárd WUD;8 673 milliárd WUD;1,04%;4,08%
2021;183 milliárd USD;2 466 milliárd USD;19 926 milliárd USD;21 595 milliárd USD;183 milliárd WUD;8 856 milliárd WUD;0,72%;3,12%
2022;21 milliárd USD;-388 milliárd USD;21 926 milliárd USD;21 207 milliárd USD;21 milliárd WUD;8 877 milliárd WUD;1,35%;4,00%
Összesen;12 191 milliárd USD;16 541 milliárd USD;21 926 milliárd USD;21 207 milliárd USD;7 877 milliárd WUD;8 877 milliárd WUD;;

Waikiki pénzmennyiség (WUD)
1 trilliárd WUD
2 trilliárd WUD
2 trilliárd WUD
3 trilliárd WUD
3 trilliárd WUD
3 trilliárd WUD
4 trilliárd WUD
4 trilliárd WUD
4 trilliárd WUD
5 trilliárd WUD
5 trilliárd WUD
6 trilliárd WUD
6 trilliárd WUD
7 trilliárd WUD
7 trilliárd WUD
8 trilliárd WUD
8 trilliárd WUD
8 trilliárd WUD
9 trilliárd WUD
9 trilliárd WUD
9 trilliárd WUD
9 trilliárd WUD
9 trilliárd WUD
9 milliárd WUD

;Apple;Alphabet;Microsoft;Techno Industries;SpaceX;AT&T;Walmart;General Motors
Árfolyam (USD);452,11;2 005,19;98,61;718,36;1 502,77;54,11;173,73;58,40
Teljes érték (milliárd USD);2 222,13;1 383,17;757,64;132,70;121,05;396,41;512,63;82,31

Dátum;USA ingatlanárak;Waikiki ingatlanárak;USA tőzsde érték;Waikiki tőzsde érték;Tőzsdei kereskedelem USA;Tőzsdei kereskedelem
2000;165 300 USD;60 948 USD;15,10 trilliárd USD;1,36 trilliárd USD;30,18 trilliárd USD;1,77 trilliárd USD
2001;169 800 USD;76 671 USD;13,85 trilliárd USD;3,66 trilliárd USD;20,24 trilliárd USD;1,72 trilliárd USD
2002;188 700 USD;92 618 USD;11,10 trilliárd USD;4,55 trilliárd USD;17,20 trilliárd USD;4,43 trilliárd USD
2003;186 000 USD;135 466 USD;14,17 trilliárd USD;6,95 trilliárd USD;15,79 trilliárd USD;5,81 trilliárd USD
2004;212 700 USD;165 386 USD;16,24 trilliárd USD;9,55 trilliárd USD;18,42 trilliárd USD;8,27 trilliárd USD
2005;232 500 USD;200 610 USD;16,91 trilliárd USD;9,99 trilliárd USD;26,16 trilliárd USD;11,47 trilliárd USD
2006;247 700 USD;210 443 USD;19,29 trilliárd USD;11,68 trilliárd USD;30,32 trilliárd USD;14,67 trilliárd USD
2007;257 400 USD;230 610 USD;19,67 trilliárd USD;10,92 trilliárd USD;43,14 trilliárd USD;11,98 trilliárd USD
2008;233 900 USD;181 247 USD;11,46 trilliárd USD;8,05 trilliárd USD;47,43 trilliárd USD;16,09 trilliárd USD
2009;208 400 USD;233 377 USD;15,08 trilliárd USD;7,75 trilliárd USD;34,15 trilliárd USD;20,62 trilliárd USD
2010;222 900 USD;304 796 USD;17,28 trilliárd USD;9,91 trilliárd USD;35,73 trilliárd USD;23,28 trilliárd USD
2011;226 900 USD;329 372 USD;15,64 trilliárd USD;10,48 trilliárd USD;40,75 trilliárd USD;25,63 trilliárd USD
2012;238 400 USD;357 516 USD;18,67 trilliárd USD;11,36 trilliárd USD;32,11 trilliárd USD;27,58 trilliárd USD
2013;258 400 USD;399 538 USD;24,04 trilliárd USD;13,13 trilliárd USD;32,61 trilliárd USD;29,82 trilliárd USD
2014;275 200 USD;426 459 USD;26,33 trilliárd USD;16,95 trilliárd USD;38,86 trilliárd USD;32,11 trilliárd USD
2015;289 200 USD;457 205 USD;25,07 trilliárd USD;21,46 trilliárd USD;41,06 trilliárd USD;31,87 trilliárd USD
2016;299 800 USD;482 884 USD;27,36 trilliárd USD;28,06 trilliárd USD;42,68 trilliárd USD;34,29 trilliárd USD
2017;313 100 USD;505 845 USD;31,77 trilliárd USD;33,90 trilliárd USD;40,00 trilliárd USD;36,98 trilliárd USD
2018;331 800 USD;527 175 USD;30,44 trilliárd USD;39,98 trilliárd USD;41,13 trilliárd USD;38,27 trilliárd USD
2019;313 000 USD;535 480 USD;33,90 trilliárd USD;42,88 trilliárd USD;36,34 trilliárd USD;40,49 trilliárd USD
2020;329 000 USD;548 850 USD;40,73 trilliárd USD;44,50 trilliárd USD;41,09 trilliárd USD;41,85 trilliárd USD
2021;369 800 USD;521 680 USD;52,26 trilliárd USD;46,38 trilliárd USD;45,87 trilliárd USD;48,16 trilliárd USD
2022;433 100 USD;541 607 USD;40,51 trilliárd USD;48,56 trilliárd USD;44,32 trilliárd USD;51,20 trilliárd USD
2023;429 000 USD;534 970 USD;50,78 trilliárd USD;52,08 trilliárd USD;;53,51 trilliárd USD

;USD;EUR;GBP;CHF;INR;AUD;CAD;CNY
WUD;2,16;1,77;1,62;2,14;148,31;2,92;2,83;14,36
USD;1,00;0,82;0,75;0,99;68,66;1,35;1,31;6,65

Dátum;USD / EUR;WUD / EUR;WUD / USD;USD / WUD;EUR / WUD;EUR / HUF;WUD / HUF
2000;0,99;0,93;0,94;1,06;1,08;255;237
2000. február;1,02;0,91;0,90;1,12;1,10;256;233
2000. március;1,04;0,93;0,90;1,11;1,07;258;241
2000. április;1,06;0,90;0,85;1,17;1,11;258;233
2000. május;1,10;1,04;0,94;1,06;0,96;259;269
2000. június;1,05;0,99;0,94;1,06;1,01;260;258
2000. július;1,07;0,95;0,89;1,13;1,06;260;246
2000. augusztus;1,11;1,06;0,96;1,04;0,94;261;278
2000. szeptember;1,15;1,06;0,92;1,09;0,95;264;279
2000. október;1,17;1,08;0,92;1,08;0,92;263;285
2000. november;1,17;1,10;0,94;1,07;0,91;264;289
2000. december;1,11;1,04;0,93;1,07;0,96;264;274
2001;1,07;1,01;0,95;1,06;0,99;265;267
2001. február;1,09;1,05;0,97;1,03;0,95;266;281
2001. március;1,10;1,07;0,98;1,03;0,93;266;286
2001. április;1,12;1,12;1,00;1,00;0,89;267;299
2001. május;1,14;1,05;0,92;1,09;0,96;253;265
2001. június;1,17;1,11;0,95;1,05;0,90;244;272
2001. július;1,16;1,13;0,97;1,03;0,88;247;279
2001. augusztus;1,11;1,05;0,95;1,05;0,95;253;267
2001. szeptember;1,10;1,11;1,01;0,99;0,90;256;285
2001. október;1,10;1,09;0,99;1,01;0,91;255;279
2001. november;1,13;1,07;0,95;1,05;0,93;251;270
2001. december;1,12;1,17;1,04;0,96;0,86;244;285
2002;1,13;1,13;0,99;1,01;0,89;243;274
2002. február;1,15;1,21;1,05;0,95;0,83;245;295
2002. március;1,14;1,13;0,99;1,01;0,88;243;276
2002. április;1,13;1,08;0,96;1,04;0,92;242;262
2002. május;1,09;1,13;1,03;0,97;0,89;242;273
2002. június;1,05;1,10;1,05;0,95;0,91;244;268
2002. július;1,01;0,98;0,97;1,03;1,02;245;240
2002. augusztus;1,02;1,07;1,05;0,95;0,93;245;263
2002. szeptember;1,02;1,00;0,98;1,02;1,00;243;244
2002. október;1,02;1,07;1,05;0,95;0,93;241;258
2002. november;1,00;1,06;1,07;0,94;0,94;237;252
2002. december;0,98;1,01;1,03;0,97;0,99;235;238
2003;0,94;0,95;1,01;0,99;1,06;244;231
2003. február;0,93;1,01;1,09;0,92;0,99;243;246
2003. március;0,93;0,98;1,06;0,95;1,02;247;242
2003. április;0,92;1,00;1,08;0,92;1,00;245;244
2003. május;0,87;0,96;1,11;0,90;1,04;249;239
2003. június;0,86;0,92;1,07;0,93;1,09;266;244
2003. július;0,88;0,98;1,12;0,89;1,02;264;260
2003. augusztus;0,90;0,98;1,09;0,91;1,02;257;252
2003. szeptember;0,89;0,97;1,09;0,92;1,03;254;246
2003. október;0,85;0,93;1,08;0,92;1,08;260;241
2003. november;0,85;0,91;1,07;0,93;1,09;262;239
2003. december;0,81;0,89;1,10;0,91;1,12;263;234
2004;0,79;0,87;1,10;0,91;1,15;263;229
2004. február;0,79;0,92;1,16;0,86;1,09;256;234
2004. március;0,82;0,95;1,16;0,86;1,05;248;235
2004. április;0,83;0,92;1,10;0,91;1,09;250;229
2004. május;0,83;0,96;1,15;0,87;1,04;251;241
2004. június;0,82;0,95;1,16;0,86;1,05;250;239
2004. július;0,82;0,97;1,20;0,84;1,03;248;242
2004. augusztus;0,82;0,91;1,11;0,90;1,10;248;226
2004. szeptember;0,82;0,98;1,20;0,84;1,02;245;240
2004. október;0,80;0,95;1,18;0,85;1,06;245;232
2004. november;0,77;0,87;1,13;0,89;1,15;245;213
2004. december;0,75;0,88;1,18;0,84;1,13;245;217
2005;0,76;0,92;1,21;0,83;1,08;245;226
2005. február;0,77;0,95;1,24;0,81;1,05;241;229
2005. március;0,76;0,93;1,22;0,82;1,08;247;229
2005. április;0,77;0,93;1,20;0,83;1,08;252;233
2005. május;0,79;0,99;1,25;0,80;1,01;253;250
2005. június;0,82;0,99;1,20;0,83;1,01;247;244
2005. július;0,83;1,00;1,21;0,83;1,00;244;245
2005. augusztus;0,81;1,01;1,24;0,80;0,99;244;247
2005. szeptember;0,82;1,03;1,26;0,79;0,97;249;256
2005. október;0,83;1,04;1,26;0,80;0,96;250;261
2005. november;0,85;1,05;1,23;0,81;0,96;253;264
2005. december;0,84;1,06;1,26;0,79;0,94;252;267
2006;0,82;1,03;1,24;0,80;0,97;251;258
2006. február;0,84;1,10;1,31;0,76;0,91;253;278
2006. március;0,83;1,05;1,26;0,80;0,96;263;275
2006. április;0,81;1,07;1,31;0,76;0,93;263;282
2006. május;0,78;1,03;1,32;0,76;0,97;263;272
2006. június;0,79;1,00;1,27;0,79;1,00;283;283
2006. július;0,79;1,02;1,29;0,77;0,98;272;277
2006. augusztus;0,78;1,04;1,33;0,75;0,96;276;287
2006. szeptember;0,79;1,06;1,35;0,74;0,94;272;288
2006. október;0,79;1,03;1,30;0,77;0,97;260;269
2006. november;0,78;1,07;1,38;0,72;0,93;256;274
2006. december;0,76;1,00;1,32;0,76;1,00;251;250
2007;0,77;1,00;1,29;0,77;1,00;255;254
2007. február;0,76;0,99;1,30;0,77;1,01;254;252
2007. március;0,75;1,02;1,35;0,74;0,98;247;251
2007. április;0,74;1,02;1,37;0,73;0,98;247;251
2007. május;0,74;1,01;1,36;0,74;0,99;250;252
2007. június;0,75;1,03;1,39;0,72;0,97;246;254
2007. július;0,73;1,02;1,40;0,71;0,98;252;258
2007. augusztus;0,73;1,03;1,40;0,71;0,97;254;261
2007. szeptember;0,72;1,02;1,42;0,71;0,98;251;256
2007. október;0,70;0,97;1,39;0,72;1,03;250;243
2007. november;0,68;0,98;1,43;0,70;1,03;253;247
2007. december;0,69;1,00;1,46;0,69;1,00;252;253
2008;0,68;0,97;1,43;0,70;1,03;258;250
2008. február;0,68;1,00;1,47;0,68;1,00;264;264
2008. március;0,64;0,94;1,46;0,68;1,06;261;246
2008. április;0,63;0,91;1,43;0,70;1,10;252;228
2008. május;0,64;0,94;1,46;0,69;1,07;240;225
2008. június;0,64;0,95;1,47;0,68;1,06;235;222
2008. július;0,63;0,93;1,47;0,68;1,07;234;218
2008. augusztus;0,67;0,99;1,49;0,67;1,01;236;235
2008. szeptember;0,70;1,04;1,49;0,67;0,96;242;252
2008. október;0,75;1,13;1,50;0,67;0,88;255;289
2008. november;0,78;1,15;1,46;0,69;0,87;258;296
2008. december;0,74;1,14;1,54;0,65;0,88;265;301
2009;0,76;1,11;1,46;0,68;0,90;297;328
2009. február;0,78;1,15;1,47;0,68;0,87;299;344
2009. március;0,77;1,13;1,48;0,68;0,88;308;349
2009. április;0,76;1,17;1,54;0,65;0,86;288;336
2009. május;0,73;1,16;1,59;0,63;0,86;283;329
2009. június;0,71;1,12;1,57;0,64;0,89;272;305
2009. július;0,71;1,07;1,51;0,66;0,93;266;285
2009. augusztus;0,70;1,06;1,52;0,66;0,94;272;290
2009. szeptember;0,69;1,10;1,61;0,62;0,91;269;297
2009. október;0,67;1,08;1,59;0,63;0,93;274;295
2009. november;0,67;1,06;1,58;0,63;0,94;274;291
2009. december;0,69;1,10;1,61;0,62;0,91;270;298
2010;0,70;1,09;1,56;0,64;0,92;271;296
2010. február;0,73;1,18;1,62;0,62;0,85;269;318
2010. március;0,74;1,17;1,58;0,63;0,86;265;309
2010. április;0,75;1,19;1,60;0,62;0,84;269;321
2010. május;0,80;1,32;1,66;0,60;0,76;275;364
2010. június;0,82;1,31;1,60;0,63;0,76;285;373
2010. július;0,78;1,26;1,62;0,62;0,79;283;357
2010. augusztus;0,78;1,25;1,62;0,62;0,80;286;358
2010. szeptember;0,76;1,29;1,68;0,59;0,78;276;355
2010. október;0,72;1,19;1,65;0,61;0,84;271;322
2010. november;0,73;1,22;1,66;0,60;0,82;281;342
2010. december;0,76;1,32;1,75;0,57;0,76;278;368
2011;0,75;1,27;1,70;0,59;0,79;272;345
2011. február;0,73;1,23;1,68;0,60;0,81;271;333
2011. március;0,71;1,25;1,75;0,57;0,80;265;330
2011. április;0,69;1,19;1,71;0,58;0,84;263;312
2011. május;0,70;1,23;1,76;0,57;0,81;266;327
2011. június;0,69;1,22;1,76;0,57;0,82;265;324
2011. július;0,70;1,27;1,81;0,55;0,79;269;341
2011. augusztus;0,70;1,22;1,75;0,57;0,82;270;330
2011. szeptember;0,73;1,27;1,75;0,57;0,79;292;371
2011. október;0,73;1,27;1,75;0,57;0,79;304;387
2011. november;0,74;1,36;1,85;0,54;0,73;302;411
2011. december;0,76;1,40;1,85;0,54;0,71;314;440
2012;0,77;1,39;1,79;0,56;0,72;294;409
2012. február;0,76;1,35;1,78;0,56;0,74;288;388
2012. március;0,76;1,40;1,84;0,54;0,72;294;410
2012. április;0,76;1,41;1,85;0,54;0,71;286;402
2012. május;0,78;1,44;1,84;0,54;0,70;300;431
2012. június;0,80;1,45;1,82;0,55;0,69;285;414
2012. július;0,81;1,55;1,90;0,53;0,65;281;435
2012. augusztus;0,81;1,54;1,91;0,52;0,65;284;437
2012. szeptember;0,78;1,50;1,93;0,52;0,67;284;425
2012. október;0,77;1,44;1,87;0,53;0,69;283;408
2012. november;0,78;1,48;1,91;0,52;0,67;281;417
2012. december;0,76;1,45;1,90;0,53;0,69;290;420
2013;0,75;1,43;1,90;0,53;0,70;292;418
2013. február;0,75;1,39;1,86;0,54;0,72;295;411
2013. március;0,77;1,47;1,90;0,53;0,68;303;445
2013. április;0,77;1,45;1,89;0,53;0,69;299;433
2013. május;0,77;1,52;1,97;0,51;0,66;296;449
2013. június;0,76;1,47;1,94;0,51;0,68;294;433
2013. július;0,76;1,49;1,95;0,51;0,67;298;443
2013. augusztus;0,75;1,49;1,98;0,50;0,67;300;446
2013. szeptember;0,75;1,48;1,97;0,51;0,68;297;439
2013. október;0,73;1,44;1,97;0,51;0,69;294;424
2013. november;0,74;1,42;1,92;0,52;0,70;301;429
2013. december;0,73;1,41;1,93;0,52;0,71;296;416
2014;0,73;1,43;1,95;0,51;0,70;311;445
2014. február;0,73;1,42;1,94;0,51;0,70;309;440
2014. március;0,72;1,42;1,97;0,51;0,70;306;436
2014. április;0,72;1,43;1,97;0,51;0,70;306;437
2014. május;0,73;1,42;1,96;0,51;0,70;301;429
2014. június;0,74;1,46;1,99;0,50;0,68;309;452
2014. július;0,74;1,45;1,97;0,51;0,69;313;454
2014. augusztus;0,75;1,46;1,94;0,52;0,69;314;457
2014. szeptember;0,78;1,50;1,93;0,52;0,67;310;465
2014. október;0,79;1,54;1,95;0,51;0,65;307;472
2014. november;0,80;1,59;1,98;0,50;0,63;306;486
2014. december;0,81;1,64;2,03;0,49;0,61;316;519
2015;0,86;1,72;2,00;0,50;0,58;310;534
2015. február;0,88;1,74;1,97;0,51;0,57;302;525
2015. március;0,92;1,87;2,03;0,49;0,53;300;562
2015. április;0,92;1,89;2,04;0,49;0,53;303;572
2015. május;0,90;1,78;1,99;0,50;0,56;308;548
2015. június;0,89;1,76;1,97;0,51;0,57;314;551
2015. július;0,91;1,82;2,01;0,50;0,55;307;560
2015. augusztus;0,90;1,82;2,03;0,49;0,55;313;570
2015. szeptember;0,89;1,78;2,00;0,50;0,56;313;558
2015. október;0,89;1,79;2,01;0,50;0,56;310;554
2015. november;0,93;1,93;2,07;0,48;0,52;310;599
2015. december;0,92;1,90;2,07;0,48;0,53;314;596
2016;0,92;1,89;2,05;0,49;0,53;310;585
2016. február;0,90;1,85;2,05;0,49;0,54;309;572
2016. március;0,90;1,83;2,04;0,49;0,55;313;573
2016. április;0,88;1,81;2,05;0,49;0,55;311;563
2016. május;0,88;1,81;2,05;0,49;0,55;313;566
2016. június;0,89;1,84;2,07;0,48;0,54;315;581
2016. július;0,90;1,92;2,13;0,47;0,52;310;596
2016. augusztus;0,89;1,89;2,12;0,47;0,53;309;584
2016. szeptember;0,89;1,87;2,10;0,48;0,53;307;576
2016. október;0,91;1,88;2,07;0,48;0,53;308;578
2016. november;0,93;1,94;2,09;0,48;0,52;312;605
2016. december;0,95;2,03;2,14;0,47;0,49;308;624
2017;0,94;1,95;2,07;0,48;0,51;309;601
2017. február;0,94;1,93;2,05;0,49;0,52;307;592
2017. március;0,94;1,95;2,09;0,48;0,51;308;602
2017. április;0,93;1,95;2,09;0,48;0,51;312;609
2017. május;0,90;1,93;2,14;0,47;0,52;307;594
2017. június;0,89;1,87;2,10;0,48;0,53;308;576
2017. július;0,87;1,83;2,12;0,47;0,55;303;556
2017. augusztus;0,85;1,81;2,14;0,47;0,55;305;552
2017. szeptember;0,84;1,78;2,12;0,47;0,56;311;554
2017. október;0,85;1,79;2,11;0,47;0,56;311;558
2017. november;0,85;1,82;2,13;0,47;0,55;312;566
2017. december;0,84;1,77;2,10;0,48;0,56;310;549
2018;0,82;1,77;2,16;0,46;0,56;309;547
2018. február;0,81;1,80;2,22;0,45;0,56;313;563
2018. március;0,82;1,82;2,22;0,45;0,55;312;568
2018. április;0,85;1,84;2,16;0,46;0,54;313;576
2018. május;0,85;1,85;2,18;0,46;0,54;319;590
2018. június;0,85;1,86;2,19;0,46;0,54;328;610
2018. július;0,86;1,84;2,14;0,47;0,54;320;589
2018. augusztus;0,86;1,87;2,17;0,46;0,53;326;610
2018. szeptember;0,88;1,89;2,15;0,47;0,53;323;610
2018. október;0,88;1,90;2,16;0,46;0,53;324;616
2018. november;0,87;1,93;2,22;0,45;0,52;323;623
2018. december;0,87;1,91;2,20;0,46;0,52;320;611
2019;0,87;1,92;2,21;0,45;0,52;315;605
2019. február;0,87;1,93;2,22;0,45;0,52;315;608
2019. március;0,89;1,92;2,16;0,46;0,52;320;614
2019. április;0,89;1,95;2,19;0,46;0,51;323;630
2019. május;0,89;1,96;2,20;0,45;0,51;325;637
2019. június;0,87;1,97;2,26;0,44;0,51;322;634
2019. július;0,90;1,99;2,21;0,45;0,50;325;647
2019. augusztus;0,90;2,00;2,22;0,45;0,50;331;662
2019. szeptember;0,91;2,01;2,21;0,45;0,50;334;671
2019. október;0,89;1,99;2,24;0,45;0,50;328;653
2019. november;0,90;1,98;2,20;0,45;0,51;334;661
2019. december;0,89;2,00;2,25;0,44;0,50;330;660
2020;0,90;1,99;2,21;0,45;0,50;337;671
2020. február;0,90;2,00;2,22;0,45;0,50;337;674
2020. március;0,90;1,98;2,20;0,45;0,51;360;713
2020. április;0,91;1,99;2,19;0,46;0,50;352;700
2020. május;0,90;2,01;2,23;0,45;0,50;346;695
2020. június;0,89;2,00;2,25;0,44;0,50;354;708
2020. július;0,84;1,97;2,35;0,43;0,51;343;676
2020. augusztus;0,83;1,96;2,36;0,42;0,51;355;696
2020. szeptember;0,85;1,94;2,28;0,44;0,52;363;704
2020. október;0,85;1,93;2,27;0,44;0,52;366;706
2020. november;0,84;1,90;2,26;0,44;0,53;358;680
2020. december;0,82;1,85;2,26;0,44;0,54;362;670
2021;0,82;1,84;2,24;0,45;0,54;357;657
2021. február;0,83;1,83;2,20;0,45;0,55;362;662
2021. március;0,83;1,85;2,23;0,45;0,54;361;668
2021. április;0,85;1,84;2,16;0,46;0,54;359;661
2021. május;0,83;1,85;2,23;0,45;0,54;347;642
2021. június;0,82;1,84;2,24;0,45;0,54;351;646
2021. július;0,84;1,85;2,20;0,45;0,54;357;660
2021. augusztus;0,84;1,86;2,21;0,45;0,54;348;647
2021. szeptember;0,84;1,87;2,23;0,45;0,53;359;671
2021. október;0,86;1,90;2,21;0,45;0,53;359;682
2021. november;0,86;1,95;2,27;0,44;0,51;364;710
2021. december;0,88;1,98;2,25;0,44;0,51;368;729
2022;0,87;2,00;2,30;0,44;0,50;354;708
2022. február;0,88;2,05;2,33;0,43;0,49;371;761
2022. március;0,89;2,10;2,36;0,42;0,48;366;769
2022. április;0,90;2,38;2,64;0,38;0,42;378;900
2022. május;0,94;2,40;2,55;0,39;0,42;397;953
2022. június;0,93;2,35;2,53;0,40;0,43;396;931
2022. július;0,96;2,32;2,42;0,41;0,43;404;937
2022. augusztus;0,99;2,34;2,36;0,42;0,43;400;936
2022. szeptember;1,02;2,33;2,28;0,44;0,43;423;986
2022. október;1,00;2,39;2,39;0,42;0,42;409;978
2022. november;1,01;2,40;2,38;0,42;0,42;408;979
2022. december;0,95;2,35;2,47;0,40;0,43;399;938
2023;0,94;2,36;2,52;0,40;0,42;394;930
2023. február;0,93;2,30;2,48;0,40;0,43;393;904
2023. március;0,93;2,31;2,50;0,40;0,43;392;906
2023. április;0,92;2,30;2,49;0,40;0,43;383;881
2023. május;0,91;2,34;2,58;0,39;0,43;382;894
2023. június;0,92;2,29;2,49;0,40;0,44;379;868
2023. július;0,95;2,32;2,45;0,41;0,43;382;886
2023. augusztus;0,95;2,34;2,47;0,40;0,43;388;908
2023. szeptember;0,92;2,37;2,57;0,39;0,42;380;901
2023. október;0,91;2,39;2,63;0,38;0,42;386;923
2023. november;0,92;2,40;2,62;0,38;0,42;372;893
2023. december;0,94;2,43;2,60;0,38;0,41;370;899
2024;0,91;2,41;2,66;0,38;0,41;373;899
2024. február;0,92;2,39;2,59;0,39;0,42;379;906
2024. március;0,95;2,32;2,45;0,41;0,43;378;877
2024. április;0,92;2,34;2,54;0,39;0,43;390;913
2024. május;0,92;2,33;2,53;0,40;0,43;388;904
2024. június;0,93;2,35;2,52;0,40;0,43;394;926
2024. július;0,92;2,35;2,54;0,39;0,43;394;926
2024. augusztus;0,90;2,34;2,60;0,38;0,43;392;917
2024. szeptember;0,89;2,33;2,62;0,38;0,43;396;923
2024. október;0,91;2,35;2,58;0,39;0,43;408;959
2024. november;0,94;2,34;2,49;0,40;0,43;412;964
2024. december;0,96;2,35;2,45;0,41;0,43;411;966

Év;WUD / USD árfolyam;WUD / EUR árfolyam;WUD / GBP árfolyam;WUD / CHF árfolyam;WUD / CAD árfolyam
2000;0,94;0,88;0,62;1,59;1,40
2001;0,95;1,03;0,66;1,60;1,47
2002;0,99;1,11;0,66;1,55;1,56
2003;1,01;1,08;0,62;1,36;1,41
2004;1,10;0,97;0,60;1,37;1,43
2005;1,21;0,97;0,67;1,51;1,46
2006;1,24;1,00;0,67;1,55;1,41
2007;1,29;1,03;0,64;1,55;1,39
2008;1,43;1,05;0,78;1,55;1,52
2009;1,46;1,00;0,94;1,58;1,67
2010;1,56;1,12;1,01;1,63;1,61
2011;1,70;1,28;1,06;1,51;1,68
2012;1,79;1,29;1,13;1,68;1,79
2013;1,90;1,48;1,22;1,76;1,96
2014;1,95;1,47;1,18;1,78;2,15
2015;2,00;1,51;1,31;1,92;2,56
2016;2,05;1,85;1,52;2,02;2,72
2017;2,07;1,87;1,61;2,04;2,69
2018;2,16;1,92;1,62;2,11;2,80
2019;2,21;1,87;1,73;2,20;2,93
2020;2,26;2,02;1,76;2,12;3,03
2021;2,25;1,97;1,64;2,06;2,82
2022;2,47;2,09;2,00;2,36;3,21
2023;2,37;2,25;1,91;2,13;3,20

Év;USD / EUR árfolyam;USD / GBP árfolyam;USD / CHF árfolyam;USD / CAD árfolyam
2000;0,94;0,66;1,69;1,49
2001;1,09;0,69;1,69;1,55
2002;1,12;0,67;1,56;1,57
2003;1,06;0,61;1,34;1,40
2004;0,88;0,55;1,24;1,30
2005;0,80;0,55;1,24;1,21
2006;0,80;0,54;1,25;1,13
2007;0,80;0,50;1,20;1,07
2008;0,73;0,54;1,08;1,07
2009;0,68;0,64;1,09;1,14
2010;0,72;0,65;1,04;1,03
2011;0,75;0,62;0,89;0,99
2012;0,72;0,63;0,94;1,00
2013;0,78;0,64;0,93;1,03
2014;0,75;0,61;0,92;1,10
2015;0,75;0,65;0,96;1,28
2016;0,90;0,74;0,99;1,33
2017;0,90;0,78;0,98;1,30
2018;0,89;0,75;0,98;1,30
2019;0,85;0,78;0,99;1,33
2020;0,89;0,78;0,94;1,34
2021;0,88;0,73;0,91;1,25
2022;0,85;0,81;0,95;1,30
2023;0,95;0,81;0,90;1,35

Év;Waikiki fogyasztói árindex;USA fogyasztói árindex;Waikiki reál árak;WUD / USD árfolyam;Waikiki infláció;USA infláció;Árfolyamváltozás;Cél minimum;Cél maximum;USD / WUD árfolyam;Reál árfolyam
2000;50,0%;100,0%;47,0%;0,94;0,0%;0,0%;0,0%;-2,0%;2,0%;1,06;2,13
2001;50,5%;102,8%;48,0%;0,95;1,0%;2,8%;1,1%;-2,0%;2,0%;1,05;2,14
2002;50,7%;104,5%;50,2%;0,99;0,4%;1,7%;4,2%;-2,0%;2,0%;1,01;2,08
2003;51,0%;106,9%;51,5%;1,01;0,6%;2,3%;2,0%;-2,0%;2,0%;0,99;2,08
2004;50,2%;109,7%;55,2%;1,10;-1,6%;2,6%;8,9%;-2,0%;2,0%;0,91;1,99
2005;49,8%;113,4%;60,3%;1,21;-0,8%;3,4%;10,0%;-2,0%;2,0%;0,83;1,88
2006;50,0%;117,1%;62,0%;1,24;0,4%;3,3%;2,5%;-2,0%;2,0%;0,81;1,89
2007;50,1%;120,4%;64,6%;1,29;0,2%;2,8%;4,0%;-2,0%;2,0%;0,78;1,86
2008;49,8%;125,0%;71,2%;1,43;-0,6%;3,8%;10,9%;-2,0%;2,0%;0,70;1,76
2009;50,7%;124,6%;74,0%;1,46;1,8%;-0,3%;2,1%;-2,0%;2,0%;0,68;1,68
2010;50,8%;126,6%;79,2%;1,56;0,2%;1,6%;6,8%;-1,5%;1,5%;0,64;1,60
2011;50,1%;130,6%;85,2%;1,70;-1,4%;3,2%;9,0%;-1,0%;1,0%;0,59;1,53
2012;50,2%;133,3%;89,9%;1,79;0,2%;2,1%;5,3%;-1,0%;1,0%;0,56;1,48
2013;50,3%;135,3%;95,6%;1,90;0,2%;1,5%;6,1%;-1,0%;1,0%;0,53;1,42
2014;50,2%;137,5%;97,9%;1,95;-0,2%;1,6%;2,6%;-1,0%;1,0%;0,51;1,40
2015;50,4%;137,6%;100,8%;2,00;0,4%;0,1%;2,6%;-1,0%;1,0%;0,50;1,37
2016;50,5%;139,4%;103,5%;2,05;0,2%;1,3%;2,5%;-1,0%;1,0%;0,49;1,35
2017;50,4%;142,4%;104,3%;2,07;-0,2%;2,2%;1,0%;-1,0%;1,0%;0,48;1,36
2018;50,5%;145,8%;109,1%;2,16;0,2%;2,4%;4,3%;-1,0%;1,0%;0,46;1,34
2019;50,7%;148,5%;112,0%;2,21;0,4%;1,9%;2,3%;-1,0%;1,0%;0,45;1,33
2020;51,0%;150,3%;115,3%;2,26;0,6%;1,2%;2,3%;-1,0%;1,0%;0,44;1,30
2021;51,3%;157,4%;115,4%;2,25;0,6%;4,7%;-0,4%;-1,0%;1,0%;0,44;1,36
2022;51,9%;169,9%;128,2%;2,47;1,2%;7,9%;9,8%;-1,0%;1,0%;0,40;1,33
2023;52,1%;177,0%;123,5%;2,37;0,4%;7,2%;-4,0%;-1,0%;1,0%;0,42;1,48
2024;52,5%;182,2%;123,4%;2,35;0,8%;0,0%;-0,8%;-1,0%;1,0%;0,43;1,48

;Árfolyam;Aranytartalék (t);Érték (WUD);Érték (USD);
2000;279 USD;52 t;545 millió WUD;1 milliárd USD;0,54 milliárd WUD
2001;271 USD;84 t;846 millió WUD;1 milliárd USD;0,85 milliárd WUD
2002;310 USD;350 t;3 867 millió WUD;4 milliárd USD;3,87 milliárd WUD
2003;364 USD;350 t;4 447 millió WUD;4 milliárd USD;4,45 milliárd WUD
2004;410 USD;500 t;6 566 millió WUD;7 milliárd USD;6,57 milliárd WUD
2005;445 USD;700 t;9 081 millió WUD;11 milliárd USD;9,08 milliárd WUD
2006;604 USD;1 000 t;17 192 millió WUD;21 milliárd USD;17,19 milliárd WUD
2007;696 USD;1 500 t;28 565 millió WUD;37 milliárd USD;28,56 milliárd WUD
2008;872 USD;1 600 t;34 430 millió WUD;49 milliárd USD;34,43 milliárd WUD
2009;974 USD;1 600 t;37 638 millió WUD;55 milliárd USD;37,64 milliárd WUD
2010;1 227 USD;1 800 t;49 926 millió WUD;78 milliárd USD;49,93 milliárd WUD
2011;1 573 USD;1 800 t;58 756 millió WUD;100 milliárd USD;58,76 milliárd WUD
2012;1 669 USD;1 800 t;59 196 millió WUD;106 milliárd USD;59,2 milliárd WUD
2013;1 410 USD;2 000 t;52 336 millió WUD;99 milliárd USD;52,34 milliárd WUD
2014;1 266 USD;2 200 t;50 384 millió WUD;98 milliárd USD;50,38 milliárd WUD
2015;1 159 USD;2 800 t;57 229 millió WUD;114 milliárd USD;57,23 milliárd WUD
2016;1 252 USD;3 100 t;66 779 millió WUD;137 milliárd USD;66,78 milliárd WUD
2017;1 260 USD;3 100 t;66 581 millió WUD;138 milliárd USD;66,58 milliárd WUD
2018;1 269 USD;3 500 t;72 528 millió WUD;157 milliárd USD;72,53 milliárd WUD
2019;1 393 USD;3 500 t;77 837 millió WUD;172 milliárd USD;77,84 milliárd WUD
2020;1 774 USD;3 500 t;96 895 millió WUD;219 milliárd USD;96,89 milliárd WUD
2021;1 799 USD;3 600 t;101 526 millió WUD;228 milliárd USD;101,53 milliárd WUD
2022;1 871 USD;3 950 t;105 521 millió WUD;261 milliárd USD;105,52 milliárd WUD
2023;1 943 USD;3 750 t;108 445 millió WUD;257 milliárd USD;108,45 milliárd WUD
2024;2 388 USD;3 500 t;125 455 millió WUD;295 milliárd USD;125,46 milliárd WUD

Ország;Aranytartalék (2022. április);Arány a devizatartalékon belül
Egyesült Államok;8 134 t;66,3%
Waikiki;3 950 t;33,3%
Németország;3 359 t;66,0%
Nemzetközi Valutaalap;2 814 t;
Olaszország;2 452 t;62,9%
Franciaország;2 436 t;57,8%
Oroszország;2 299 t;21,4%
Kína;1 948 t;3,3%
Svájc;1 040 t;5,6%
Japán;846 t;3,5%
India;754 t;6,9%
Hollandia;613 t;55,4%

;2019
Oktatás és egészségügy;26 568 000
Kereskedelem és logisztika;21 426 000
Államirányítás;16 491 000
Egyéb szolgáltatások;13 002 000
Infokommunikáció;12 291 000
Pénzügy;10 684 000
Feldolgozóipar;9 113 000
Építkezések;5 459 000
Nyersanyagkitermelés és feldolgozás;1 826 000
Mezőgazdaság és élelmiszeripar;1 579 000
Összesen;118 439 000
Lakosság;211 745 200

;2019
Oktatás és egészségügy;35 894 000
Kereskedelem és logisztika;27 356 000
Államirányítás;7 225 000
Egyéb szolgáltatások;41 866 000
Infokommunikáció;2 766 000
Pénzügy;10 765 000
Feldolgozóipar;15 741 000
Építkezések;11 373 000
Nyersanyagkitermelés és feldolgozás;2 127 000
Mezőgazdaság és élelmiszeripar;2 425 000
Összesen;157 538 000
Lakosság;328 200 000

;Waikiki;USA;Anglia
Oktatás és egészségügy;22%;23%;24%
Kereskedelem és logisztika;18%;17%;17%
Államirányítás;14%;5%;6%
Egyéb szolgáltatások;11%;27%;24%
Infokommunikáció;10%;2%;5%
Pénzügy;9%;7%;4%
Feldolgozóipar;8%;10%;9%
Építkezések;5%;7%;7%
Nyersanyagkitermelés és feldolgozás;2%;1%;2%
Mezőgazdaság és élelmiszeripar;1%;2%;1%
Összes foglalkoztatott a lakosság arányában;56%;48%;49%

;2019
Oktatás és egészségügy;7 943 000
Kereskedelem és logisztika;5 663 000
Államirányítás;2 130 000
Egyéb szolgáltatások;8 018 000
Infokommunikáció;1 498 000
Pénzügy;1 276 000
Feldolgozóipar;3 011 000
Építkezések;2 310 000
Nyersanyagkitermelés és feldolgozás;547 000
Mezőgazdaság és élelmiszeripar;438 000
Összesen;32 834 000
Lakosság;66 650 000

;Waikiki;;USA;;Luxemburg;;Norvégia;;Svájc;
;GDP / fő;Medián jövedelem;GDP / fő;Medián jövedelem;GDP / fő;Medián jövedelem;GDP / fő;Medián jövedelem;GDP / fő;Medián jövedelem
1999;6 279 USD;7 900 USD;34 478 USD;40 700 USD;50 872 USD;;36 393 USD;;41 696 USD;
2000;8 180 USD;10 300 USD;36 298 USD;41 990 USD;48 660 USD;;38 178 USD;;38 865 USD;
2001;11 100 USD;12 600 USD;37 100 USD;42 230 USD;48 440 USD;;38 602 USD;;39 639 USD;
2002;14 019 USD;13 500 USD;37 954 USD;42 410 USD;53 006 USD;;43 171 USD;;42 459 USD;
2003;17 979 USD;14 900 USD;39 419 USD;43 320 USD;65 689 USD;;50 250 USD;;49 336 USD;
2004;22 800 USD;17 900 USD;41 658 USD;44 330 USD;76 545 USD;;57 769 USD;;54 659 USD;
2005;28 579 USD;23 100 USD;44 051 USD;46 330 USD;80 988 USD;;67 047 USD;;56 243 USD;
2006;34 280 USD;25 800 USD;46 233 USD;48 200 USD;90 789 USD;;74 434 USD;;59 011 USD;
2007;42 129 USD;28 100 USD;47 975 USD;50 230 USD;107 475 USD;;85 502 USD;;64 989 USD;
2008;50 709 USD;35 600 USD;48 499 USD;50 300 USD;120 422 USD;;97 504 USD;;74 175 USD;
2009;59 159 USD;39 000 USD;47 123 USD;49 780 USD;109 420 USD;;80 348 USD;;71 568 USD;
2010;69 759 USD;45 400 USD;48 569 USD;49 280 USD;110 886 USD;;88 163 USD;63 576 USD;76 531 USD;
2011;81 199 USD;56 300 USD;49 951 USD;50 050 USD;119 025 USD;;101 222 USD;63 528 USD;90 477 USD;
2012;92 049 USD;63 700 USD;51 644 USD;51 020 USD;112 585 USD;;102 176 USD;66 170 USD;85 836 USD;
2013;105 499 USD;68 900 USD;53 234 USD;53 590 USD;120 000 USD;;103 554 USD;67 976 USD;87 304 USD;
2014;117 298 USD;73 000 USD;55 093 USD;53 660 USD;123 679 USD;;97 667 USD;70 902 USD;88 725 USD;
2015;133 000 USD;78 100 USD;56 796 USD;56 520 USD;105 462 USD;;74 810 USD;82 375 USD;83 806 USD;54 055 USD
2016;144 699 USD;82 800 USD;57 930 USD;59 040 USD;106 899 USD;;70 867 USD;82 165 USD;82 153 USD;52 581 USD
2017;158 579 USD;86 830 USD;60 000 USD;61 140 USD;110 193 USD;;76 132 USD;80 546 USD;82 254 USD;49 926 USD
2018;169 880 USD;92 540 USD;62 824 USD;63 180 USD;116 787 USD;;82 793 USD;76 937 USD;85 217 USD;48 527 USD
2019;177 319 USD;95 690 USD;65 170 USD;68 700 USD;112 726 USD;;76 431 USD;76 962 USD;84 122 USD;48 524 USD
2020;165 947 USD;86 285 USD;64 350 USD;68 010 USD;116 905 USD;;68 340 USD;76 257 USD;85 898 USD;48 287 USD
2021;174 321 USD;90 799 USD;71 218 USD;70 780 USD;133 712 USD;;93 073 USD;76 852 USD;93 446 USD;48 041 USD
2022;193 203 USD;99 177 USD;77 775 USD;74 580 USD;125 006 USD;45 310 USD;108 798 USD;;93 260 USD;
2023;188 261 USD;100 317 USD;82 220 USD;80 610 USD;128 259 USD;42 482 USD;87 962 USD;;99 995 USD;
2024;196 366 USD;102 999 USD;85 782 USD;;;;;;;
2025;196 415 USD;103 755 USD;;;;;;;;
2026;200 138 USD;105 736 USD;;;;;;;;
2027;206 708 USD;107 143 USD;;;;;;;;
2028;211 038 USD;109 451 USD;;;;;;;;
2029;218 713 USD;111 312 USD;;;;;;;;
2030;222 678 USD;115 561 USD;;;;;;;;
2031;229 856 USD;117 483 USD;;;;;;;;
2032;235 691 USD;120 734 USD;;;;;;;;
2033;240 132 USD;126 658 USD;;;;;;;;
2034;248 818 USD;126 353 USD;;;;;;;;
2035;256 221 USD;131 390 USD;;;;;;;;
2036;263 873 USD;133 725 USD;;;;;;;;
2037;271 860 USD;136 637 USD;;;;;;;;
2038;280 579 USD;142 267 USD;;;;;;;;
Átlag;90 649 USD;53 941 USD;52 702 USD;54 399 USD;99 777 USD;43 896 USD;76 047 USD;73 687 USD;72 467 USD;49 992 USD

;Waikiki;USA;Luxemburg;Norvégia;Svájc
1999;0,0%;0,0%;0,0%;0,0%;0,0%
2000;30,3%;5,3%;-4,3%;4,9%;-6,8%
2001;35,7%;2,2%;-0,5%;1,1%;2,0%
2002;26,3%;2,3%;9,4%;11,8%;7,1%
2003;28,2%;3,9%;23,9%;16,4%;16,2%
2004;26,8%;5,7%;16,5%;15,0%;10,8%
2005;25,3%;5,7%;5,8%;16,1%;2,9%
2006;19,9%;5,0%;12,1%;11,0%;4,9%
2007;22,9%;3,8%;18,4%;14,9%;10,1%
2008;20,4%;1,1%;12,0%;14,0%;14,1%
2009;16,7%;-2,8%;-9,1%;-17,6%;-3,5%
2010;17,9%;3,1%;1,3%;9,7%;6,9%
2011;16,4%;2,8%;7,3%;14,8%;18,2%
2012;13,4%;3,4%;-5,4%;0,9%;-5,1%
2013;14,6%;3,1%;6,6%;1,3%;1,7%
2014;11,2%;3,5%;3,1%;-5,7%;1,6%
2015;13,4%;3,1%;-14,7%;-23,4%;-5,5%
2016;8,8%;2,0%;1,4%;-5,3%;-2,0%
2017;9,6%;3,6%;3,1%;7,4%;0,1%
2018;7,1%;4,7%;6,0%;8,7%;3,6%
2019;4,4%;3,7%;-3,5%;-7,7%;-1,3%
2020;-6,4%;-1,3%;3,7%;-10,6%;2,1%
2021;5,0%;10,7%;14,4%;36,2%;8,8%
2022;10,8%;9,2%;-6,5%;16,9%;-0,2%
2023;-2,6%;5,7%;2,6%;-19,2%;7,2%
2024;4,3%;4,3%;-100,0%;-100,0%;-100,0%
2025;0,0%;;;;
2026;1,9%;;;;
2027;3,3%;;;;
2028;2,1%;;;;
2029;3,6%;;;;
2030;1,8%;;;;
2031;3,2%;;;;
2032;2,5%;;;;
2033;1,9%;;;;
2034;3,6%;;;;
2035;3,0%;;;;
2036;3,0%;;;;
2037;3,0%;;;;
2038;3,2%;;;;
Átlag;15,0%;3,6%;4,1%;4,5%;3,8%

36298
37100
37954
39419
41658
44051
46233
47975
48499
47123
48569
49951
51644
53234
55093
56796
57930
60000
62824
65170
64350
71218
77775
82220
85782

;Alsó 20%;20%-30%;30%-40%;40%-50%;50%-60%;60%-70%;70%-80%;80%-90%;90%-95%;Feslő 5%;Átlag;Összesen
Vagyon (%);1,9;2,4;2,8;4,1;4,7;7,1;9,6;12,8;19,8;34,8;10;100
Vagyon (USD);133 467 USD;164 267 USD;195 947 USD;286 000 USD;331 467 USD;495 733 USD;668 800 USD;894 667 USD;1 384 533 USD;2 434 667 USD;511 075 USD;107 326 milliárd USD

;Kultúra és sport;Nyugdíjak és sociális kiadások;Közbiztonság;Egyéb kiadások;Államigazgatás;Katonaság;Infrastruktúra;Oktatás;Tudományos kutatások;Egészségügy;Átlag;Összesen
Kiadás (%);2,0;3,0;3,4;3,9;3,9;6,6;6,8;9,6;24,0;36,6;10;100
Kiadás (millió USD);184 009 millió USD;275 598 millió USD;304 538 millió USD;353 957 millió USD;354 742 millió USD;600 083 millió USD;616 881 millió USD;867 678 millió USD;2 172 662 millió USD;3 311 306 millió USD;904 145 millió USD;9 041 455 millió USD
Kiadás (GDP %);;;;;;;;;;;;

;Mezőgazdaság és élelmiszeripar;Nyersanyagkitermelés és feldolgozás;Építkezések;Feldolgozóipar;Pénzügy;Infokommunikáció;Egyéb szolgáltatások;Államirányítás;Kereskedelem és logisztika;Oktatás és egészségügy;Átlag;Összesen
Foglalkoztatottság (%);1,3;1,5;4,6;7,7;9,0;10,4;11,0;13,9;18,1;22,4;10;100
Foglalkoztatottság (fő);1 579 000;1 826 000;5 459 000;9 113 000;10 684 000;12 291 000;13 002 000;16 491 000;21 426 000;26 568 000;11 843 900;118 439 000
Kiadás (GDP %);;;;;;;;;;;;